0F-InvertedOnlyMD5,0-InvertedOnlyPids,11-System_FileName,13F-System_Size,14F-System_FileAttributes,15F-System_DateModified,16F-System_DateCreated,17F-System_DateAccessed,33-System_ItemUrl,3-System_ItemFolderNameDisplay,4363-System_DateImported,4369-System_Document_DateCreated,4371-System_Document_DateSaved,4390-System_FileExtension,4395-System_FilePlaceholderStatus,4427-System_IsAttachment,4429-System_IsEncrypted,4432-System_IsFolder,4436-System_ItemDate,4438-System_ItemFolderPathDisplay,4439-System_ItemFolderPathDisplayNarrow,4440-System_ItemName,4441-System_ItemNameDisplay,4442-System_ItemNameDisplayWithoutExtension,4445-System_ItemPathDisplay,4446-System_ItemPathDisplayNarrow,4448-System_ItemType,4454-System_Kind,4455-System_KindText,4563-System_ParsingName,4621-System_SFGAOFlags,4622-System_Search_AccessCount,4629F-System_Search_GatherTime,4631-System_Search_LastIndexedTotalTime,4635-System_Search_Store,4676-System_ThumbnailCacheId,5-System_ItemTypeText,WorkID
"58568F4A6369E1BC518F887654F33648","26126312","01_1.1_Introduction_to_Logic_3_min.srt","3638","ReadOnly, Archive, Sparse_File (545)","30/09/2019 04:45:07.9157915","30/09/2019 04:45:07.9157915","30/09/2019 04:49:02.3166248","file:C:/Users/Professor Moriarty/Downloads/intrologic-006/01_Lesson_1_-_Introduction/01_1.1_Introduction_to_Logic_3_min.srt","01_Lesson_1_-_Introduction","30/09/2019 04:45:07.9157915","30/09/2019 04:45:07.9157915","30/09/2019 04:45:07.9157915",".srt","6","False","False","False","30/09/2019 04:45:07.9157915","C:\Users\Professor Moriarty\Downloads\intrologic-006\01_Lesson_1_-_Introduction","01_Lesson_1_-_Introduction (C:\Users\Professor Moriarty\Downloads\intrologic-006)","01_1.1_Introduction_to_Logic_3_min.srt","01_1.1_Introduction_to_Logic_3_min.srt","01_1.1_Introduction_to_Logic_3_min","C:\Users\Professor Moriarty\Downloads\intrologic-006\01_Lesson_1_-_Introduction\01_1.1_Introduction_to_Logic_3_min.srt","01_1.1_Introduction_to_Logic_3_min (C:\Users\Professor Moriarty\Downloads\intrologic-006\01_Lesson_1_-_Introduction)",".srt","video","Video","01_1.1_Introduction_to_Logic_3_min.srt","1077936503","0","30/09/2019 04:55:14.0692781","0","file","A5826A0CDBFFB974","SRT File","4433"
"A926B8D702FA5CAB334922489579DB10","26126312","02_1.2_Elements_of_Logic_10_min.srt","12423","ReadOnly, Archive, Sparse_File (545)","30/09/2019 04:45:12.7258931","30/09/2019 04:45:12.7106710","30/09/2019 04:49:02.2729704","file:C:/Users/Professor Moriarty/Downloads/intrologic-006/01_Lesson_1_-_Introduction/02_1.2_Elements_of_Logic_10_min.srt","01_Lesson_1_-_Introduction","30/09/2019 04:45:12.7258931","30/09/2019 04:45:12.7258931","30/09/2019 04:45:12.7258931",".srt","6","False","False","False","30/09/2019 04:45:12.7258931","C:\Users\Professor Moriarty\Downloads\intrologic-006\01_Lesson_1_-_Introduction","01_Lesson_1_-_Introduction (C:\Users\Professor Moriarty\Downloads\intrologic-006)","02_1.2_Elements_of_Logic_10_min.srt","02_1.2_Elements_of_Logic_10_min.srt","02_1.2_Elements_of_Logic_10_min","C:\Users\Professor Moriarty\Downloads\intrologic-006\01_Lesson_1_-_Introduction\02_1.2_Elements_of_Logic_10_min.srt","02_1.2_Elements_of_Logic_10_min (C:\Users\Professor Moriarty\Downloads\intrologic-006\01_Lesson_1_-_Introduction)",".srt","video","Video","02_1.2_Elements_of_Logic_10_min.srt","1077936503","0","30/09/2019 04:55:14.0692781","0","file","BC09FC315F98E78F","SRT File","4434"
"3E1708402C19CBE1BC9D84EC2FDD51F9","26126312","04_1.4_Automation_5_min.srt","5891","ReadOnly, Archive, Sparse_File (545)","30/09/2019 04:45:22.5961966","30/09/2019 04:45:22.5961966","30/09/2019 04:49:02.0982539","file:C:/Users/Professor Moriarty/Downloads/intrologic-006/01_Lesson_1_-_Introduction/04_1.4_Automation_5_min.srt","01_Lesson_1_-_Introduction","30/09/2019 04:45:22.5961966","30/09/2019 04:45:22.5961966","30/09/2019 04:45:22.5961966",".srt","6","False","False","False","30/09/2019 04:45:22.5961966","C:\Users\Professor Moriarty\Downloads\intrologic-006\01_Lesson_1_-_Introduction","01_Lesson_1_-_Introduction (C:\Users\Professor Moriarty\Downloads\intrologic-006)","04_1.4_Automation_5_min.srt","04_1.4_Automation_5_min.srt","04_1.4_Automation_5_min","C:\Users\Professor Moriarty\Downloads\intrologic-006\01_Lesson_1_-_Introduction\04_1.4_Automation_5_min.srt","04_1.4_Automation_5_min (C:\Users\Professor Moriarty\Downloads\intrologic-006\01_Lesson_1_-_Introduction)",".srt","video","Video","04_1.4_Automation_5_min.srt","1077936503","0","30/09/2019 04:55:13.7214394","0","file","4BF2658C9658AA32","SRT File","4438"
"CC48D1968B65FF27FECF6307C11B7ECE","26126312","03_1.3_Formalization_9_min.srt","10439","ReadOnly, Archive, Sparse_File (545)","30/09/2019 04:45:20.8909930","30/09/2019 04:45:20.6063495","30/09/2019 04:49:02.1112842","file:C:/Users/Professor Moriarty/Downloads/intrologic-006/01_Lesson_1_-_Introduction/03_1.3_Formalization_9_min.srt","01_Lesson_1_-_Introduction","30/09/2019 04:45:20.8909930","30/09/2019 04:45:20.8909930","30/09/2019 04:45:20.8909930",".srt","6","False","False","False","30/09/2019 04:45:20.8909930","C:\Users\Professor Moriarty\Downloads\intrologic-006\01_Lesson_1_-_Introduction","01_Lesson_1_-_Introduction (C:\Users\Professor Moriarty\Downloads\intrologic-006)","03_1.3_Formalization_9_min.srt","03_1.3_Formalization_9_min.srt","03_1.3_Formalization_9_min","C:\Users\Professor Moriarty\Downloads\intrologic-006\01_Lesson_1_-_Introduction\03_1.3_Formalization_9_min.srt","03_1.3_Formalization_9_min (C:\Users\Professor Moriarty\Downloads\intrologic-006\01_Lesson_1_-_Introduction)",".srt","video","Video","03_1.3_Formalization_9_min.srt","1077936503","0","30/09/2019 04:55:13.7149235","0,015625","file","033195DA21C595CE","SRT File","4440"
"D7B1C34747780C0CDD977C18FCA72096","26126312","05_1.5_Study_Guide_4_min.srt","5443","ReadOnly, Archive, Sparse_File (545)","30/09/2019 04:45:31.0037055","30/09/2019 04:45:31.0037055","30/09/2019 04:49:01.9636951","file:C:/Users/Professor Moriarty/Downloads/intrologic-006/01_Lesson_1_-_Introduction/05_1.5_Study_Guide_4_min.srt","01_Lesson_1_-_Introduction","30/09/2019 04:45:31.0037055","30/09/2019 04:45:31.0037055","30/09/2019 04:45:31.0037055",".srt","6","False","False","False","30/09/2019 04:45:31.0037055","C:\Users\Professor Moriarty\Downloads\intrologic-006\01_Lesson_1_-_Introduction","01_Lesson_1_-_Introduction (C:\Users\Professor Moriarty\Downloads\intrologic-006)","05_1.5_Study_Guide_4_min.srt","05_1.5_Study_Guide_4_min.srt","05_1.5_Study_Guide_4_min","C:\Users\Professor Moriarty\Downloads\intrologic-006\01_Lesson_1_-_Introduction\05_1.5_Study_Guide_4_min.srt","05_1.5_Study_Guide_4_min (C:\Users\Professor Moriarty\Downloads\intrologic-006\01_Lesson_1_-_Introduction)",".srt","video","Video","05_1.5_Study_Guide_4_min.srt","1077936503","0","30/09/2019 04:55:13.6125452","0,015625","file","B83595186F3C5AD4","SRT File","4448"
"430CC2878A563615ECFFCE204C10FFE0","26126312","01_2.1_Propositional_Logic_1_min.srt","1666","ReadOnly, Archive, Sparse_File (545)","30/09/2019 04:45:34.0509956","30/09/2019 04:45:34.0353664","30/09/2019 04:49:01.5630862","file:C:/Users/Professor Moriarty/Downloads/intrologic-006/02_Lesson_2_-_Propositional_Logic/01_2.1_Propositional_Logic_1_min.srt","02_Lesson_2_-_Propositional_Logic","30/09/2019 04:45:34.0509956","30/09/2019 04:45:34.0509956","30/09/2019 04:45:34.0509956",".srt","6","False","False","False","30/09/2019 04:45:34.0509956","C:\Users\Professor Moriarty\Downloads\intrologic-006\02_Lesson_2_-_Propositional_Logic","02_Lesson_2_-_Propositional_Logic (C:\Users\Professor Moriarty\Downloads\intrologic-006)","01_2.1_Propositional_Logic_1_min.srt","01_2.1_Propositional_Logic_1_min.srt","01_2.1_Propositional_Logic_1_min","C:\Users\Professor Moriarty\Downloads\intrologic-006\02_Lesson_2_-_Propositional_Logic\01_2.1_Propositional_Logic_1_min.srt","01_2.1_Propositional_Logic_1_min (C:\Users\Professor Moriarty\Downloads\intrologic-006\02_Lesson_2_-_Propositional_Logic)",".srt","video","Video","01_2.1_Propositional_Logic_1_min.srt","1077936503","0","30/09/2019 04:55:11.7625404","0","file","D2FFF472916C34ED","SRT File","4450"
"B4EA7E312ECD2037A771ECF161F2C453","26126312","02_2.2_Syntax_7_min.srt","9247","ReadOnly, Archive, Sparse_File (545)","30/09/2019 04:45:45.3158657","30/09/2019 04:45:45.2624196","30/09/2019 04:49:01.5318488","file:C:/Users/Professor Moriarty/Downloads/intrologic-006/02_Lesson_2_-_Propositional_Logic/02_2.2_Syntax_7_min.srt","02_Lesson_2_-_Propositional_Logic","30/09/2019 04:45:45.3158657","30/09/2019 04:45:45.3158657","30/09/2019 04:45:45.3158657",".srt","6","False","False","False","30/09/2019 04:45:45.3158657","C:\Users\Professor Moriarty\Downloads\intrologic-006\02_Lesson_2_-_Propositional_Logic","02_Lesson_2_-_Propositional_Logic (C:\Users\Professor Moriarty\Downloads\intrologic-006)","02_2.2_Syntax_7_min.srt","02_2.2_Syntax_7_min.srt","02_2.2_Syntax_7_min","C:\Users\Professor Moriarty\Downloads\intrologic-006\02_Lesson_2_-_Propositional_Logic\02_2.2_Syntax_7_min.srt","02_2.2_Syntax_7_min (C:\Users\Professor Moriarty\Downloads\intrologic-006\02_Lesson_2_-_Propositional_Logic)",".srt","video","Video","02_2.2_Syntax_7_min.srt","1077936503","0","30/09/2019 04:55:11.4773575","0","file","9D1EBC2497106CB1","SRT File","4452"
"DB208F0D2EF985E432A8E9BD3DC2A664","26126312","03_2.3_Semantics_10_min.srt","12933","ReadOnly, Archive, Sparse_File (545)","30/09/2019 04:45:52.2131172","30/09/2019 04:45:52.2131172","30/09/2019 04:49:01.4319295","file:C:/Users/Professor Moriarty/Downloads/intrologic-006/02_Lesson_2_-_Propositional_Logic/03_2.3_Semantics_10_min.srt","02_Lesson_2_-_Propositional_Logic","30/09/2019 04:45:52.2131172","30/09/2019 04:45:52.2131172","30/09/2019 04:45:52.2131172",".srt","6","False","False","False","30/09/2019 04:45:52.2131172","C:\Users\Professor Moriarty\Downloads\intrologic-006\02_Lesson_2_-_Propositional_Logic","02_Lesson_2_-_Propositional_Logic (C:\Users\Professor Moriarty\Downloads\intrologic-006)","03_2.3_Semantics_10_min.srt","03_2.3_Semantics_10_min.srt","03_2.3_Semantics_10_min","C:\Users\Professor Moriarty\Downloads\intrologic-006\02_Lesson_2_-_Propositional_Logic\03_2.3_Semantics_10_min.srt","03_2.3_Semantics_10_min (C:\Users\Professor Moriarty\Downloads\intrologic-006\02_Lesson_2_-_Propositional_Logic)",".srt","video","Video","03_2.3_Semantics_10_min.srt","1077936503","0","30/09/2019 04:55:11.1927574","0","file","294E636FF1FAE9E4","SRT File","4454"
"B3D8F6E8D850943AA9521AA606419A2B","26126312","05_2.5_The_Big_Game_3_min.srt","3864","ReadOnly, Archive, Sparse_File (545)","30/09/2019 04:45:57.4316108","30/09/2019 04:45:57.4316108","30/09/2019 04:49:01.1617390","file:C:/Users/Professor Moriarty/Downloads/intrologic-006/02_Lesson_2_-_Propositional_Logic/05_2.5_The_Big_Game_3_min.srt","02_Lesson_2_-_Propositional_Logic","30/09/2019 04:45:57.4316108","30/09/2019 04:45:57.4316108","30/09/2019 04:45:57.4316108",".srt","6","False","False","False","30/09/2019 04:45:57.4316108","C:\Users\Professor Moriarty\Downloads\intrologic-006\02_Lesson_2_-_Propositional_Logic","02_Lesson_2_-_Propositional_Logic (C:\Users\Professor Moriarty\Downloads\intrologic-006)","05_2.5_The_Big_Game_3_min.srt","05_2.5_The_Big_Game_3_min.srt","05_2.5_The_Big_Game_3_min","C:\Users\Professor Moriarty\Downloads\intrologic-006\02_Lesson_2_-_Propositional_Logic\05_2.5_The_Big_Game_3_min.srt","05_2.5_The_Big_Game_3_min (C:\Users\Professor Moriarty\Downloads\intrologic-006\02_Lesson_2_-_Propositional_Logic)",".srt","video","Video","05_2.5_The_Big_Game_3_min.srt","1077936503","0","30/09/2019 04:55:10.4904915","0,015625","file","60167C3D201FA98D","SRT File","4460"
"6E5BC7D591B096C8EFC2CB28E9818D05","26126312","04_2.4_Satisfaction_3_min.srt","4087","ReadOnly, Archive, Sparse_File (545)","30/09/2019 04:45:54.5810677","30/09/2019 04:45:53.3850724","30/09/2019 04:49:01.3780740","file:C:/Users/Professor Moriarty/Downloads/intrologic-006/02_Lesson_2_-_Propositional_Logic/04_2.4_Satisfaction_3_min.srt","02_Lesson_2_-_Propositional_Logic","30/09/2019 04:45:54.0000000","30/09/2019 04:45:54.0000000","30/09/2019 04:45:54.5810677",".srt","6","False","False","False","30/09/2019 04:45:54.0000000","C:\Users\Professor Moriarty\Downloads\intrologic-006\02_Lesson_2_-_Propositional_Logic","02_Lesson_2_-_Propositional_Logic (C:\Users\Professor Moriarty\Downloads\intrologic-006)","04_2.4_Satisfaction_3_min.srt","04_2.4_Satisfaction_3_min.srt","04_2.4_Satisfaction_3_min","C:\Users\Professor Moriarty\Downloads\intrologic-006\02_Lesson_2_-_Propositional_Logic\04_2.4_Satisfaction_3_min.srt","04_2.4_Satisfaction_3_min (C:\Users\Professor Moriarty\Downloads\intrologic-006\02_Lesson_2_-_Propositional_Logic)",".srt","video","Video","04_2.4_Satisfaction_3_min.srt","1077936503","0","30/09/2019 04:55:10.4436626","0","file","C7A90DA8E9A37C53","SRT File","4462"
"6922FFBA27A1736894B1FE6507C1D1E4","26126312","01_3.1_Properties_of_Sentences_3_min.srt","3145","ReadOnly, Archive, Sparse_File (545)","30/09/2019 04:46:00.6136421","30/09/2019 04:46:00.6136421","30/09/2019 04:49:01.1148015","file:C:/Users/Professor Moriarty/Downloads/intrologic-006/03_Lesson_3_-_Properties_and_Entailment/01_3.1_Properties_of_Sentences_3_min.srt","03_Lesson_3_-_Properties_and_Entailment","30/09/2019 04:46:00.6136421","30/09/2019 04:46:00.6136421","30/09/2019 04:46:00.6136421",".srt","6","False","False","False","30/09/2019 04:46:00.6136421","C:\Users\Professor Moriarty\Downloads\intrologic-006\03_Lesson_3_-_Properties_and_Entailment","03_Lesson_3_-_Properties_and_Entailment (C:\Users\Professor Moriarty\Downloads\intrologic-006)","01_3.1_Properties_of_Sentences_3_min.srt","01_3.1_Properties_of_Sentences_3_min.srt","01_3.1_Properties_of_Sentences_3_min","C:\Users\Professor Moriarty\Downloads\intrologic-006\03_Lesson_3_-_Properties_and_Entailment\01_3.1_Properties_of_Sentences_3_min.srt","01_3.1_Properties_of_Sentences_3_min (C:\Users\Professor Moriarty\Downloads\intrologic-006\03_Lesson_3_-_Properties_and_Entailment)",".srt","video","Video","01_3.1_Properties_of_Sentences_3_min.srt","1077936503","0","30/09/2019 04:55:10.3902101","0","file","5F8D5498879F2758","SRT File","4465"
"9E6E59DB99279C73D0F211489DFB0804","26126312","02_3.2_Logical_Entailment_6_min.srt","7561","ReadOnly, Archive, Sparse_File (545)","30/09/2019 04:46:02.7161341","30/09/2019 04:46:02.7161341","30/09/2019 04:49:01.0991538","file:C:/Users/Professor Moriarty/Downloads/intrologic-006/03_Lesson_3_-_Properties_and_Entailment/02_3.2_Logical_Entailment_6_min.srt","03_Lesson_3_-_Properties_and_Entailment","30/09/2019 04:46:02.7161341","30/09/2019 04:46:02.7161341","30/09/2019 04:46:02.7161341",".srt","6","False","False","False","30/09/2019 04:46:02.7161341","C:\Users\Professor Moriarty\Downloads\intrologic-006\03_Lesson_3_-_Properties_and_Entailment","03_Lesson_3_-_Properties_and_Entailment (C:\Users\Professor Moriarty\Downloads\intrologic-006)","02_3.2_Logical_Entailment_6_min.srt","02_3.2_Logical_Entailment_6_min.srt","02_3.2_Logical_Entailment_6_min","C:\Users\Professor Moriarty\Downloads\intrologic-006\03_Lesson_3_-_Properties_and_Entailment\02_3.2_Logical_Entailment_6_min.srt","02_3.2_Logical_Entailment_6_min (C:\Users\Professor Moriarty\Downloads\intrologic-006\03_Lesson_3_-_Properties_and_Entailment)",".srt","video","Video","02_3.2_Logical_Entailment_6_min.srt","1077936503","0","30/09/2019 04:55:10.3746467","0","file","193857B84105181C","SRT File","4468"
"E02EB8DD5C709A8A011D4713F833C1D7","26126312","01_4.1_Propositional_Proofs_2_min.srt","2414","ReadOnly, Archive, Sparse_File (545)","30/09/2019 04:46:09.2651135","30/09/2019 04:46:09.2651135","30/09/2019 04:49:00.4754160","file:C:/Users/Professor Moriarty/Downloads/intrologic-006/04_Lesson_4_-_Propositional_Proofs/01_4.1_Propositional_Proofs_2_min.srt","04_Lesson_4_-_Propositional_Proofs","30/09/2019 04:46:09.2651135","30/09/2019 04:46:09.2651135","30/09/2019 04:46:09.2651135",".srt","6","False","False","False","30/09/2019 04:46:09.2651135","C:\Users\Professor Moriarty\Downloads\intrologic-006\04_Lesson_4_-_Propositional_Proofs","04_Lesson_4_-_Propositional_Proofs (C:\Users\Professor Moriarty\Downloads\intrologic-006)","01_4.1_Propositional_Proofs_2_min.srt","01_4.1_Propositional_Proofs_2_min.srt","01_4.1_Propositional_Proofs_2_min","C:\Users\Professor Moriarty\Downloads\intrologic-006\04_Lesson_4_-_Propositional_Proofs\01_4.1_Propositional_Proofs_2_min.srt","01_4.1_Propositional_Proofs_2_min (C:\Users\Professor Moriarty\Downloads\intrologic-006\04_Lesson_4_-_Propositional_Proofs)",".srt","video","Video","01_4.1_Propositional_Proofs_2_min.srt","1077936503","0","30/09/2019 04:55:10.3120683","0","file","1D2B76C66105F807","SRT File","4472"
"0E616A90919EB8BFCD6645573F3623E7","26126312","02_4.2_Linear_Proofs_8_min.srt","9536","ReadOnly, Archive, Sparse_File (545)","30/09/2019 04:46:14.6638105","30/09/2019 04:46:14.6638105","30/09/2019 04:49:00.4440356","file:C:/Users/Professor Moriarty/Downloads/intrologic-006/04_Lesson_4_-_Propositional_Proofs/02_4.2_Linear_Proofs_8_min.srt","04_Lesson_4_-_Propositional_Proofs","30/09/2019 04:46:14.6638105","30/09/2019 04:46:14.6638105","30/09/2019 04:46:14.6638105",".srt","6","False","False","False","30/09/2019 04:46:14.6638105","C:\Users\Professor Moriarty\Downloads\intrologic-006\04_Lesson_4_-_Propositional_Proofs","04_Lesson_4_-_Propositional_Proofs (C:\Users\Professor Moriarty\Downloads\intrologic-006)","02_4.2_Linear_Proofs_8_min.srt","02_4.2_Linear_Proofs_8_min.srt","02_4.2_Linear_Proofs_8_min","C:\Users\Professor Moriarty\Downloads\intrologic-006\04_Lesson_4_-_Propositional_Proofs\02_4.2_Linear_Proofs_8_min.srt","02_4.2_Linear_Proofs_8_min (C:\Users\Professor Moriarty\Downloads\intrologic-006\04_Lesson_4_-_Propositional_Proofs)",".srt","video","Video","02_4.2_Linear_Proofs_8_min.srt","1077936503","0","30/09/2019 04:55:09.9420924","0","file","07D0E6C3C16F9D04","SRT File","4476"
"55ADB546810CC8EE029A17B4F1D442E3","26126312","03_4.3_Structured_Proofs_5_min.srt","6454","ReadOnly, Archive, Sparse_File (545)","30/09/2019 04:46:17.1938553","30/09/2019 04:46:17.1665960","30/09/2019 04:49:00.2121198","file:C:/Users/Professor Moriarty/Downloads/intrologic-006/04_Lesson_4_-_Propositional_Proofs/03_4.3_Structured_Proofs_5_min.srt","04_Lesson_4_-_Propositional_Proofs","30/09/2019 04:46:17.1938553","30/09/2019 04:46:17.1938553","30/09/2019 04:46:17.1938553",".srt","6","False","False","False","30/09/2019 04:46:17.1938553","C:\Users\Professor Moriarty\Downloads\intrologic-006\04_Lesson_4_-_Propositional_Proofs","04_Lesson_4_-_Propositional_Proofs (C:\Users\Professor Moriarty\Downloads\intrologic-006)","03_4.3_Structured_Proofs_5_min.srt","03_4.3_Structured_Proofs_5_min.srt","03_4.3_Structured_Proofs_5_min","C:\Users\Professor Moriarty\Downloads\intrologic-006\04_Lesson_4_-_Propositional_Proofs\03_4.3_Structured_Proofs_5_min.srt","03_4.3_Structured_Proofs_5_min (C:\Users\Professor Moriarty\Downloads\intrologic-006\04_Lesson_4_-_Propositional_Proofs)",".srt","video","Video","03_4.3_Structured_Proofs_5_min.srt","1077936503","0","30/09/2019 04:55:09.9107684","0","file","1D98E0487473A7F8","SRT File","4479"
"C909D1B7DA4F003152AE4B2C5A473CEE","26126312","04_4.4_Fitch_3_min.srt","2890","ReadOnly, Archive, Sparse_File (545)","30/09/2019 04:46:24.4522298","30/09/2019 04:46:24.4522298","30/09/2019 04:48:59.9426517","file:C:/Users/Professor Moriarty/Downloads/intrologic-006/04_Lesson_4_-_Propositional_Proofs/04_4.4_Fitch_3_min.srt","04_Lesson_4_-_Propositional_Proofs","30/09/2019 04:46:24.4522298","30/09/2019 04:46:24.4522298","30/09/2019 04:46:24.4522298",".srt","6","False","False","False","30/09/2019 04:46:24.4522298","C:\Users\Professor Moriarty\Downloads\intrologic-006\04_Lesson_4_-_Propositional_Proofs","04_Lesson_4_-_Propositional_Proofs (C:\Users\Professor Moriarty\Downloads\intrologic-006)","04_4.4_Fitch_3_min.srt","04_4.4_Fitch_3_min.srt","04_4.4_Fitch_3_min","C:\Users\Professor Moriarty\Downloads\intrologic-006\04_Lesson_4_-_Propositional_Proofs\04_4.4_Fitch_3_min.srt","04_4.4_Fitch_3_min (C:\Users\Professor Moriarty\Downloads\intrologic-006\04_Lesson_4_-_Propositional_Proofs)",".srt","video","Video","04_4.4_Fitch_3_min.srt","1077936503","0","30/09/2019 04:55:09.9107684","0","file","01DD34398E3625FF","SRT File","4482"
"C340053E8F464191DA446A42F373EFF4","26126312","01_5.1_Propositional_Resolution_2_min.srt","1953","ReadOnly, Archive, Sparse_File (545)","30/09/2019 04:46:28.7551642","30/09/2019 04:46:28.5010347","30/09/2019 04:48:59.8266671","file:C:/Users/Professor Moriarty/Downloads/intrologic-006/05_Lesson_5_-_Propositional_Resolution/01_5.1_Propositional_Resolution_2_min.srt","05_Lesson_5_-_Propositional_Resolution","30/09/2019 04:46:28.7551642","30/09/2019 04:46:28.7551642","30/09/2019 04:46:28.7551642",".srt","6","False","False","False","30/09/2019 04:46:28.7551642","C:\Users\Professor Moriarty\Downloads\intrologic-006\05_Lesson_5_-_Propositional_Resolution","05_Lesson_5_-_Propositional_Resolution (C:\Users\Professor Moriarty\Downloads\intrologic-006)","01_5.1_Propositional_Resolution_2_min.srt","01_5.1_Propositional_Resolution_2_min.srt","01_5.1_Propositional_Resolution_2_min","C:\Users\Professor Moriarty\Downloads\intrologic-006\05_Lesson_5_-_Propositional_Resolution\01_5.1_Propositional_Resolution_2_min.srt","01_5.1_Propositional_Resolution_2_min (C:\Users\Professor Moriarty\Downloads\intrologic-006\05_Lesson_5_-_Propositional_Resolution)",".srt","video","Video","01_5.1_Propositional_Resolution_2_min.srt","1077936503","0","30/09/2019 04:55:09.7041388","0","file","16D83D2794AE7187","SRT File","4489"
"3F16AFC2A3FD30831E94B132AD46D6DC","26126312","05_4.5_Soundness_and_Completeness_2_min.srt","3122","ReadOnly, Archive, Sparse_File (545)","30/09/2019 04:46:27.3659791","30/09/2019 04:46:27.3659791","30/09/2019 04:48:59.8957366","file:C:/Users/Professor Moriarty/Downloads/intrologic-006/04_Lesson_4_-_Propositional_Proofs/05_4.5_Soundness_and_Completeness_2_min.srt","04_Lesson_4_-_Propositional_Proofs","30/09/2019 04:46:27.3659791","30/09/2019 04:46:27.3659791","30/09/2019 04:46:27.3659791",".srt","6","False","False","False","30/09/2019 04:46:27.3659791","C:\Users\Professor Moriarty\Downloads\intrologic-006\04_Lesson_4_-_Propositional_Proofs","04_Lesson_4_-_Propositional_Proofs (C:\Users\Professor Moriarty\Downloads\intrologic-006)","05_4.5_Soundness_and_Completeness_2_min.srt","05_4.5_Soundness_and_Completeness_2_min.srt","05_4.5_Soundness_and_Completeness_2_min","C:\Users\Professor Moriarty\Downloads\intrologic-006\04_Lesson_4_-_Propositional_Proofs\05_4.5_Soundness_and_Completeness_2_min.srt","05_4.5_Soundness_and_Completeness_2_min (C:\Users\Professor Moriarty\Downloads\intrologic-006\04_Lesson_4_-_Propositional_Proofs)",".srt","video","Video","05_4.5_Soundness_and_Completeness_2_min.srt","1077936503","0","30/09/2019 04:55:09.6881077","0","file","243EDD44CE342B8F","SRT File","4491"
"565382F766133ACCD47CA5E90B2DA66E","26126312","02_5.2_Clausal_Form_5_min.srt","5386","ReadOnly, Archive, Sparse_File (545)","30/09/2019 04:46:35.2534163","30/09/2019 04:46:35.2534163","30/09/2019 04:48:59.7733711","file:C:/Users/Professor Moriarty/Downloads/intrologic-006/05_Lesson_5_-_Propositional_Resolution/02_5.2_Clausal_Form_5_min.srt","05_Lesson_5_-_Propositional_Resolution","30/09/2019 04:46:35.2534163","30/09/2019 04:46:35.2534163","30/09/2019 04:46:35.2534163",".srt","6","False","False","False","30/09/2019 04:46:35.2534163","C:\Users\Professor Moriarty\Downloads\intrologic-006\05_Lesson_5_-_Propositional_Resolution","05_Lesson_5_-_Propositional_Resolution (C:\Users\Professor Moriarty\Downloads\intrologic-006)","02_5.2_Clausal_Form_5_min.srt","02_5.2_Clausal_Form_5_min.srt","02_5.2_Clausal_Form_5_min","C:\Users\Professor Moriarty\Downloads\intrologic-006\05_Lesson_5_-_Propositional_Resolution\02_5.2_Clausal_Form_5_min.srt","02_5.2_Clausal_Form_5_min (C:\Users\Professor Moriarty\Downloads\intrologic-006\05_Lesson_5_-_Propositional_Resolution)",".srt","video","Video","02_5.2_Clausal_Form_5_min.srt","1077936503","0","30/09/2019 04:55:09.6881077","0","file","AF9DB1F842C4D62E","SRT File","4492"
"B6A9C9DDEC9F068355E8E792CAEE1441","26126312","03_5.3_Resolution_Principle_5_min.srt","5852","ReadOnly, Archive, Sparse_File (545)","30/09/2019 04:46:36.2343051","30/09/2019 04:46:36.2189162","30/09/2019 04:48:59.5250387","file:C:/Users/Professor Moriarty/Downloads/intrologic-006/05_Lesson_5_-_Propositional_Resolution/03_5.3_Resolution_Principle_5_min.srt","05_Lesson_5_-_Propositional_Resolution","30/09/2019 04:46:36.2343051","30/09/2019 04:46:36.2343051","30/09/2019 04:46:36.2343051",".srt","6","False","False","False","30/09/2019 04:46:36.2343051","C:\Users\Professor Moriarty\Downloads\intrologic-006\05_Lesson_5_-_Propositional_Resolution","05_Lesson_5_-_Propositional_Resolution (C:\Users\Professor Moriarty\Downloads\intrologic-006)","03_5.3_Resolution_Principle_5_min.srt","03_5.3_Resolution_Principle_5_min.srt","03_5.3_Resolution_Principle_5_min","C:\Users\Professor Moriarty\Downloads\intrologic-006\05_Lesson_5_-_Propositional_Resolution\03_5.3_Resolution_Principle_5_min.srt","03_5.3_Resolution_Principle_5_min (C:\Users\Professor Moriarty\Downloads\intrologic-006\05_Lesson_5_-_Propositional_Resolution)",".srt","video","Video","03_5.3_Resolution_Principle_5_min.srt","1077936503","0","30/09/2019 04:55:09.6724853","0","file","47C1EB84EC5B0A3A","SRT File","4496"
"BF60415F6FD1607BE5BAB2A0380D4B27","26126312","04_5.4_Resolution_Method_7_min.srt","7895","ReadOnly, Archive, Sparse_File (545)","30/09/2019 04:46:40.6915303","30/09/2019 04:46:40.1210778","30/09/2019 04:48:59.4563237","file:C:/Users/Professor Moriarty/Downloads/intrologic-006/05_Lesson_5_-_Propositional_Resolution/04_5.4_Resolution_Method_7_min.srt","05_Lesson_5_-_Propositional_Resolution","30/09/2019 04:46:40.6915303","30/09/2019 04:46:40.6915303","30/09/2019 04:46:40.6915303",".srt","6","False","False","False","30/09/2019 04:46:40.6915303","C:\Users\Professor Moriarty\Downloads\intrologic-006\05_Lesson_5_-_Propositional_Resolution","05_Lesson_5_-_Propositional_Resolution (C:\Users\Professor Moriarty\Downloads\intrologic-006)","04_5.4_Resolution_Method_7_min.srt","04_5.4_Resolution_Method_7_min.srt","04_5.4_Resolution_Method_7_min","C:\Users\Professor Moriarty\Downloads\intrologic-006\05_Lesson_5_-_Propositional_Resolution\04_5.4_Resolution_Method_7_min.srt","04_5.4_Resolution_Method_7_min (C:\Users\Professor Moriarty\Downloads\intrologic-006\05_Lesson_5_-_Propositional_Resolution)",".srt","video","Video","04_5.4_Resolution_Method_7_min.srt","1077936503","0","30/09/2019 04:55:09.6569679","0","file","51917F6CCC917445","SRT File","4499"
"A0406F4B71E49ABD239115AF30137554","26126312","05_5.5_Box_Logic_out_of_focus.srt","5136","ReadOnly, Archive, Sparse_File (545)","30/09/2019 04:46:45.1431432","30/09/2019 04:46:45.0120638","30/09/2019 04:48:59.3933638","file:C:/Users/Professor Moriarty/Downloads/intrologic-006/05_Lesson_5_-_Propositional_Resolution/05_5.5_Box_Logic_out_of_focus.srt","05_Lesson_5_-_Propositional_Resolution","30/09/2019 04:46:45.1431432","30/09/2019 04:46:45.1431432","30/09/2019 04:46:45.1431432",".srt","6","False","False","False","30/09/2019 04:46:45.1431432","C:\Users\Professor Moriarty\Downloads\intrologic-006\05_Lesson_5_-_Propositional_Resolution","05_Lesson_5_-_Propositional_Resolution (C:\Users\Professor Moriarty\Downloads\intrologic-006)","05_5.5_Box_Logic_out_of_focus.srt","05_5.5_Box_Logic_out_of_focus.srt","05_5.5_Box_Logic_out_of_focus","C:\Users\Professor Moriarty\Downloads\intrologic-006\05_Lesson_5_-_Propositional_Resolution\05_5.5_Box_Logic_out_of_focus.srt","05_5.5_Box_Logic_out_of_focus (C:\Users\Professor Moriarty\Downloads\intrologic-006\05_Lesson_5_-_Propositional_Resolution)",".srt","video","Video","05_5.5_Box_Logic_out_of_focus.srt","1077936503","0","30/09/2019 04:55:09.5880697","0","file","00AF9245973D0E24","SRT File","4503"
"5CBAED0B6C95A278E5655D587B500D44","26126312","01_8.1_Relational_Logic_Proofs_2_min.srt","2902","ReadOnly, Archive, Sparse_File (545)","30/09/2019 04:46:45.6046371","30/09/2019 04:46:45.6046371","30/09/2019 04:48:59.3090358","file:C:/Users/Professor Moriarty/Downloads/intrologic-006/06_Lesson_8_-_Relational_Logic_Proofs/01_8.1_Relational_Logic_Proofs_2_min.srt","06_Lesson_8_-_Relational_Logic_Proofs","30/09/2019 04:46:45.6046371","30/09/2019 04:46:45.6046371","30/09/2019 04:46:45.6046371",".srt","6","False","False","False","30/09/2019 04:46:45.6046371","C:\Users\Professor Moriarty\Downloads\intrologic-006\06_Lesson_8_-_Relational_Logic_Proofs","06_Lesson_8_-_Relational_Logic_Proofs (C:\Users\Professor Moriarty\Downloads\intrologic-006)","01_8.1_Relational_Logic_Proofs_2_min.srt","01_8.1_Relational_Logic_Proofs_2_min.srt","01_8.1_Relational_Logic_Proofs_2_min","C:\Users\Professor Moriarty\Downloads\intrologic-006\06_Lesson_8_-_Relational_Logic_Proofs\01_8.1_Relational_Logic_Proofs_2_min.srt","01_8.1_Relational_Logic_Proofs_2_min (C:\Users\Professor Moriarty\Downloads\intrologic-006\06_Lesson_8_-_Relational_Logic_Proofs)",".srt","video","Video","01_8.1_Relational_Logic_Proofs_2_min.srt","1077936503","0","30/09/2019 04:55:09.5567708","0,015625","file","2EBE220AA1906FC9","SRT File","4506"
"6A9BAEE0D061B99707EA4D148899A1F2","26126312","02_8.2_Proofs_10_min.srt","15784","ReadOnly, Archive, Sparse_File (545)","30/09/2019 04:46:51.1799179","30/09/2019 04:46:49.9926696","30/09/2019 04:48:59.2712581","file:C:/Users/Professor Moriarty/Downloads/intrologic-006/06_Lesson_8_-_Relational_Logic_Proofs/02_8.2_Proofs_10_min.srt","06_Lesson_8_-_Relational_Logic_Proofs","30/09/2019 04:46:50.0000000","30/09/2019 04:46:50.0000000","30/09/2019 04:46:51.1799179",".srt","6","False","False","False","30/09/2019 04:46:50.0000000","C:\Users\Professor Moriarty\Downloads\intrologic-006\06_Lesson_8_-_Relational_Logic_Proofs","06_Lesson_8_-_Relational_Logic_Proofs (C:\Users\Professor Moriarty\Downloads\intrologic-006)","02_8.2_Proofs_10_min.srt","02_8.2_Proofs_10_min.srt","02_8.2_Proofs_10_min","C:\Users\Professor Moriarty\Downloads\intrologic-006\06_Lesson_8_-_Relational_Logic_Proofs\02_8.2_Proofs_10_min.srt","02_8.2_Proofs_10_min (C:\Users\Professor Moriarty\Downloads\intrologic-006\06_Lesson_8_-_Relational_Logic_Proofs)",".srt","video","Video","02_8.2_Proofs_10_min.srt","1077936503","0","30/09/2019 04:55:09.1984565","0","file","421CE2C7E01D1AA8","SRT File","4508"
"62892A8CA1EF1B82789A2E4FBA96F68B","26126312","03_8.3_Example_3_min.srt","3018","ReadOnly, Archive, Sparse_File (545)","30/09/2019 04:46:53.9164346","30/09/2019 04:46:53.9164346","30/09/2019 04:48:59.2243852","file:C:/Users/Professor Moriarty/Downloads/intrologic-006/06_Lesson_8_-_Relational_Logic_Proofs/03_8.3_Example_3_min.srt","06_Lesson_8_-_Relational_Logic_Proofs","30/09/2019 04:46:53.9164346","30/09/2019 04:46:53.9164346","30/09/2019 04:46:53.9164346",".srt","6","False","False","False","30/09/2019 04:46:53.9164346","C:\Users\Professor Moriarty\Downloads\intrologic-006\06_Lesson_8_-_Relational_Logic_Proofs","06_Lesson_8_-_Relational_Logic_Proofs (C:\Users\Professor Moriarty\Downloads\intrologic-006)","03_8.3_Example_3_min.srt","03_8.3_Example_3_min.srt","03_8.3_Example_3_min","C:\Users\Professor Moriarty\Downloads\intrologic-006\06_Lesson_8_-_Relational_Logic_Proofs\03_8.3_Example_3_min.srt","03_8.3_Example_3_min (C:\Users\Professor Moriarty\Downloads\intrologic-006\06_Lesson_8_-_Relational_Logic_Proofs)",".srt","video","Video","03_8.3_Example_3_min.srt","1077936503","0","30/09/2019 04:55:09.1828207","0","file","C48C0C72A517C3AB","SRT File","4511"
"510F0C143220FD5F778AC32EF0C36088","26126312","04_8.4_Example_4_min.srt","4546","ReadOnly, Archive, Sparse_File (545)","30/09/2019 04:46:57.9766207","30/09/2019 04:46:57.8759494","30/09/2019 04:48:59.1709269","file:C:/Users/Professor Moriarty/Downloads/intrologic-006/06_Lesson_8_-_Relational_Logic_Proofs/04_8.4_Example_4_min.srt","06_Lesson_8_-_Relational_Logic_Proofs","30/09/2019 04:46:57.9766207","30/09/2019 04:46:57.9766207","30/09/2019 04:46:57.9766207",".srt","6","False","False","False","30/09/2019 04:46:57.9766207","C:\Users\Professor Moriarty\Downloads\intrologic-006\06_Lesson_8_-_Relational_Logic_Proofs","06_Lesson_8_-_Relational_Logic_Proofs (C:\Users\Professor Moriarty\Downloads\intrologic-006)","04_8.4_Example_4_min.srt","04_8.4_Example_4_min.srt","04_8.4_Example_4_min","C:\Users\Professor Moriarty\Downloads\intrologic-006\06_Lesson_8_-_Relational_Logic_Proofs\04_8.4_Example_4_min.srt","04_8.4_Example_4_min (C:\Users\Professor Moriarty\Downloads\intrologic-006\06_Lesson_8_-_Relational_Logic_Proofs)",".srt","video","Video","04_8.4_Example_4_min.srt","1077936503","0","30/09/2019 04:55:09.0885079","0","file","2066B9D07F7380AD","SRT File","4516"
"BC4EDC970A673EEFCF4593EA2579CE33","26126312","05_8.5_Example_-_Quantifier_and_Implication_5_min.srt","3539","ReadOnly, Archive, Sparse_File (545)","30/09/2019 04:46:59.3816164","30/09/2019 04:46:59.3816164","30/09/2019 04:48:58.9394632","file:C:/Users/Professor Moriarty/Downloads/intrologic-006/06_Lesson_8_-_Relational_Logic_Proofs/05_8.5_Example_-_Quantifier_and_Implication_5_min.srt","06_Lesson_8_-_Relational_Logic_Proofs","30/09/2019 04:46:59.3816164","30/09/2019 04:46:59.3816164","30/09/2019 04:46:59.3816164",".srt","6","False","False","False","30/09/2019 04:46:59.3816164","C:\Users\Professor Moriarty\Downloads\intrologic-006\06_Lesson_8_-_Relational_Logic_Proofs","06_Lesson_8_-_Relational_Logic_Proofs (C:\Users\Professor Moriarty\Downloads\intrologic-006)","05_8.5_Example_-_Quantifier_and_Implication_5_min.srt","05_8.5_Example_-_Quantifier_and_Implication_5_min.srt","05_8.5_Example_-_Quantifier_and_Implication_5_min","C:\Users\Professor Moriarty\Downloads\intrologic-006\06_Lesson_8_-_Relational_Logic_Proofs\05_8.5_Example_-_Quantifier_and_Implication_5_min.srt","05_8.5_Example_-_Quantifier_and_Implication_5_min (C:\Users\Professor Moriarty\Downloads\intrologic-006\06_Lesson_8_-_Relational_Logic_Proofs)",".srt","video","Video","05_8.5_Example_-_Quantifier_and_Implication_5_min.srt","1077936503","0","30/09/2019 04:55:09.0885079","0","file","B06AC8515E4B954C","SRT File","4517"
"B01A65384570183DA113C4F26282BF45","26126312","01_9.1_Resolution_2_min.srt","2388","ReadOnly, Archive, Sparse_File (545)","30/09/2019 04:47:07.4518933","30/09/2019 04:47:07.4518933","30/09/2019 04:48:58.5915526","file:C:/Users/Professor Moriarty/Downloads/intrologic-006/07_Lesson_9_-_Resolution/01_9.1_Resolution_2_min.srt","07_Lesson_9_-_Resolution","30/09/2019 04:47:07.4518933","30/09/2019 04:47:07.4518933","30/09/2019 04:47:07.4518933",".srt","6","False","False","False","30/09/2019 04:47:07.4518933","C:\Users\Professor Moriarty\Downloads\intrologic-006\07_Lesson_9_-_Resolution","07_Lesson_9_-_Resolution (C:\Users\Professor Moriarty\Downloads\intrologic-006)","01_9.1_Resolution_2_min.srt","01_9.1_Resolution_2_min.srt","01_9.1_Resolution_2_min","C:\Users\Professor Moriarty\Downloads\intrologic-006\07_Lesson_9_-_Resolution\01_9.1_Resolution_2_min.srt","01_9.1_Resolution_2_min (C:\Users\Professor Moriarty\Downloads\intrologic-006\07_Lesson_9_-_Resolution)",".srt","video","Video","01_9.1_Resolution_2_min.srt","1077936503","0","30/09/2019 04:55:09.0087341","0","file","128FBCB3008D3062","SRT File","4522"
"CE59C849CCC08958AAFCD36EFFBF7977","26126312","02_9.2_Clausal_Form_9_min.srt","12039","ReadOnly, Archive, Sparse_File (545)","30/09/2019 04:47:08.7582605","30/09/2019 04:47:08.7582605","30/09/2019 04:48:58.4848780","file:C:/Users/Professor Moriarty/Downloads/intrologic-006/07_Lesson_9_-_Resolution/02_9.2_Clausal_Form_9_min.srt","07_Lesson_9_-_Resolution","30/09/2019 04:47:08.7582605","30/09/2019 04:47:08.7582605","30/09/2019 04:47:08.7582605",".srt","6","False","False","False","30/09/2019 04:47:08.7582605","C:\Users\Professor Moriarty\Downloads\intrologic-006\07_Lesson_9_-_Resolution","07_Lesson_9_-_Resolution (C:\Users\Professor Moriarty\Downloads\intrologic-006)","02_9.2_Clausal_Form_9_min.srt","02_9.2_Clausal_Form_9_min.srt","02_9.2_Clausal_Form_9_min","C:\Users\Professor Moriarty\Downloads\intrologic-006\07_Lesson_9_-_Resolution\02_9.2_Clausal_Form_9_min.srt","02_9.2_Clausal_Form_9_min (C:\Users\Professor Moriarty\Downloads\intrologic-006\07_Lesson_9_-_Resolution)",".srt","video","Video","02_9.2_Clausal_Form_9_min.srt","1077936503","0","30/09/2019 04:55:08.8081653","0","file","6E07B81EBF0E9D31","SRT File","4527"
"ECBC1C59088C13CAE2BD9B19DB0D0EDE","26126312","03_9.3_Unification_14_min.srt","16960","ReadOnly, Archive, Sparse_File (545)","30/09/2019 04:47:12.7009713","30/09/2019 04:47:12.1432086","30/09/2019 04:48:58.4383037","file:C:/Users/Professor Moriarty/Downloads/intrologic-006/07_Lesson_9_-_Resolution/03_9.3_Unification_14_min.srt","07_Lesson_9_-_Resolution","30/09/2019 04:47:12.7009713","30/09/2019 04:47:12.7009713","30/09/2019 04:47:12.7009713",".srt","6","False","False","False","30/09/2019 04:47:12.7009713","C:\Users\Professor Moriarty\Downloads\intrologic-006\07_Lesson_9_-_Resolution","07_Lesson_9_-_Resolution (C:\Users\Professor Moriarty\Downloads\intrologic-006)","03_9.3_Unification_14_min.srt","03_9.3_Unification_14_min.srt","03_9.3_Unification_14_min","C:\Users\Professor Moriarty\Downloads\intrologic-006\07_Lesson_9_-_Resolution\03_9.3_Unification_14_min.srt","03_9.3_Unification_14_min (C:\Users\Professor Moriarty\Downloads\intrologic-006\07_Lesson_9_-_Resolution)",".srt","video","Video","03_9.3_Unification_14_min.srt","1077936503","0","30/09/2019 04:55:08.8081653","0","file","E7597FDB6DEF66BA","SRT File","4528"
"858C34159836A92F116F1295E3AC9B00","26126312","05_9.5_Resolution_Reasoning_5_min.srt","6352","ReadOnly, Archive, Sparse_File (545)","30/09/2019 04:47:18.6865941","30/09/2019 04:47:18.2258661","30/09/2019 04:48:57.7360232","file:C:/Users/Professor Moriarty/Downloads/intrologic-006/07_Lesson_9_-_Resolution/05_9.5_Resolution_Reasoning_5_min.srt","07_Lesson_9_-_Resolution","30/09/2019 04:47:18.6865941","30/09/2019 04:47:18.6865941","30/09/2019 04:47:18.6865941",".srt","6","False","False","False","30/09/2019 04:47:18.6865941","C:\Users\Professor Moriarty\Downloads\intrologic-006\07_Lesson_9_-_Resolution","07_Lesson_9_-_Resolution (C:\Users\Professor Moriarty\Downloads\intrologic-006)","05_9.5_Resolution_Reasoning_5_min.srt","05_9.5_Resolution_Reasoning_5_min.srt","05_9.5_Resolution_Reasoning_5_min","C:\Users\Professor Moriarty\Downloads\intrologic-006\07_Lesson_9_-_Resolution\05_9.5_Resolution_Reasoning_5_min.srt","05_9.5_Resolution_Reasoning_5_min (C:\Users\Professor Moriarty\Downloads\intrologic-006\07_Lesson_9_-_Resolution)",".srt","video","Video","05_9.5_Resolution_Reasoning_5_min.srt","1077936503","0","30/09/2019 04:55:08.7236859","0,015625","file","61384A4389F34FF7","SRT File","4532"
"3EDD3EB270BF1345141000C31825B045","26126312","04_9.4_Resolution_Principle_7_min.srt","8025","ReadOnly, Archive, Sparse_File (545)","30/09/2019 04:47:15.8400355","30/09/2019 04:47:15.8400355","30/09/2019 04:48:58.0058493","file:C:/Users/Professor Moriarty/Downloads/intrologic-006/07_Lesson_9_-_Resolution/04_9.4_Resolution_Principle_7_min.srt","07_Lesson_9_-_Resolution","30/09/2019 04:47:15.8400355","30/09/2019 04:47:15.8400355","30/09/2019 04:47:15.8400355",".srt","6","False","False","False","30/09/2019 04:47:15.8400355","C:\Users\Professor Moriarty\Downloads\intrologic-006\07_Lesson_9_-_Resolution","07_Lesson_9_-_Resolution (C:\Users\Professor Moriarty\Downloads\intrologic-006)","04_9.4_Resolution_Principle_7_min.srt","04_9.4_Resolution_Principle_7_min.srt","04_9.4_Resolution_Principle_7_min","C:\Users\Professor Moriarty\Downloads\intrologic-006\07_Lesson_9_-_Resolution\04_9.4_Resolution_Principle_7_min.srt","04_9.4_Resolution_Principle_7_min (C:\Users\Professor Moriarty\Downloads\intrologic-006\07_Lesson_9_-_Resolution)",".srt","video","Video","04_9.4_Resolution_Principle_7_min.srt","1077936503","0","30/09/2019 04:55:08.5231634","0","file","F776BD5306C4D201","SRT File","4534"
"D858D7333DE10C4B02219AE63393D13B","26126312","07_9.7_Logical_Entailment_6_min.srt","7245","ReadOnly, Archive, Sparse_File (545)","30/09/2019 04:47:23.6298382","30/09/2019 04:47:23.1399067","30/09/2019 04:48:57.6354716","file:C:/Users/Professor Moriarty/Downloads/intrologic-006/07_Lesson_9_-_Resolution/07_9.7_Logical_Entailment_6_min.srt","07_Lesson_9_-_Resolution","30/09/2019 04:47:23.6298382","30/09/2019 04:47:23.6298382","30/09/2019 04:47:23.6298382",".srt","6","False","False","False","30/09/2019 04:47:23.6298382","C:\Users\Professor Moriarty\Downloads\intrologic-006\07_Lesson_9_-_Resolution","07_Lesson_9_-_Resolution (C:\Users\Professor Moriarty\Downloads\intrologic-006)","07_9.7_Logical_Entailment_6_min.srt","07_9.7_Logical_Entailment_6_min.srt","07_9.7_Logical_Entailment_6_min","C:\Users\Professor Moriarty\Downloads\intrologic-006\07_Lesson_9_-_Resolution\07_9.7_Logical_Entailment_6_min.srt","07_9.7_Logical_Entailment_6_min (C:\Users\Professor Moriarty\Downloads\intrologic-006\07_Lesson_9_-_Resolution)",".srt","video","Video","07_9.7_Logical_Entailment_6_min.srt","1077936503","0","30/09/2019 04:55:08.4929738","0,015625","file","F4155E51ECBF847C","SRT File","4538"
"8A1FE02854232313E9F63F81F2B3FEE2","26126312","06_9.6_Unsatisfiability_2_min.srt","1829","ReadOnly, Archive, Sparse_File (545)","30/09/2019 04:47:22.7222023","30/09/2019 04:47:22.2282627","30/09/2019 04:48:57.6510231","file:C:/Users/Professor Moriarty/Downloads/intrologic-006/07_Lesson_9_-_Resolution/06_9.6_Unsatisfiability_2_min.srt","07_Lesson_9_-_Resolution","30/09/2019 04:47:22.7222023","30/09/2019 04:47:22.7222023","30/09/2019 04:47:22.7222023",".srt","6","False","False","False","30/09/2019 04:47:22.7222023","C:\Users\Professor Moriarty\Downloads\intrologic-006\07_Lesson_9_-_Resolution","07_Lesson_9_-_Resolution (C:\Users\Professor Moriarty\Downloads\intrologic-006)","06_9.6_Unsatisfiability_2_min.srt","06_9.6_Unsatisfiability_2_min.srt","06_9.6_Unsatisfiability_2_min","C:\Users\Professor Moriarty\Downloads\intrologic-006\07_Lesson_9_-_Resolution\06_9.6_Unsatisfiability_2_min.srt","06_9.6_Unsatisfiability_2_min (C:\Users\Professor Moriarty\Downloads\intrologic-006\07_Lesson_9_-_Resolution)",".srt","video","Video","06_9.6_Unsatisfiability_2_min.srt","1077936503","0","30/09/2019 04:55:08.1502999","0,015625","file","A9D0067CAD7F5B3C","SRT File","4541"
"560CB09633FBB0701A5D31F46B3EEE8A","26126312","08_9.8_Answer_Extraction_6_min.srt","7690","ReadOnly, Archive, Sparse_File (545)","30/09/2019 04:47:30.7140630","30/09/2019 04:47:30.7140630","30/09/2019 04:48:57.2498436","file:C:/Users/Professor Moriarty/Downloads/intrologic-006/07_Lesson_9_-_Resolution/08_9.8_Answer_Extraction_6_min.srt","07_Lesson_9_-_Resolution","30/09/2019 04:47:30.7140630","30/09/2019 04:47:30.7140630","30/09/2019 04:47:30.7140630",".srt","6","False","False","False","30/09/2019 04:47:30.7140630","C:\Users\Professor Moriarty\Downloads\intrologic-006\07_Lesson_9_-_Resolution","07_Lesson_9_-_Resolution (C:\Users\Professor Moriarty\Downloads\intrologic-006)","08_9.8_Answer_Extraction_6_min.srt","08_9.8_Answer_Extraction_6_min.srt","08_9.8_Answer_Extraction_6_min","C:\Users\Professor Moriarty\Downloads\intrologic-006\07_Lesson_9_-_Resolution\08_9.8_Answer_Extraction_6_min.srt","08_9.8_Answer_Extraction_6_min (C:\Users\Professor Moriarty\Downloads\intrologic-006\07_Lesson_9_-_Resolution)",".srt","video","Video","08_9.8_Answer_Extraction_6_min.srt","1077936503","0","30/09/2019 04:55:08.0775970","0","file","93AB89A5D02B20FE","SRT File","4548"
"282AE5895111997DA2D5EC0B3B6FA061","26126312","01_10.1_Induction_3_min.srt","4273","ReadOnly, Archive, Sparse_File (545)","30/09/2019 04:47:31.5472540","30/09/2019 04:47:31.5472540","30/09/2019 04:48:57.1562241","file:C:/Users/Professor Moriarty/Downloads/intrologic-006/08_Lesson_10_-_Induction/01_10.1_Induction_3_min.srt","08_Lesson_10_-_Induction","30/09/2019 04:47:31.5472540","30/09/2019 04:47:31.5472540","30/09/2019 04:47:31.5472540",".srt","6","False","False","False","30/09/2019 04:47:31.5472540","C:\Users\Professor Moriarty\Downloads\intrologic-006\08_Lesson_10_-_Induction","08_Lesson_10_-_Induction (C:\Users\Professor Moriarty\Downloads\intrologic-006)","01_10.1_Induction_3_min.srt","01_10.1_Induction_3_min.srt","01_10.1_Induction_3_min","C:\Users\Professor Moriarty\Downloads\intrologic-006\08_Lesson_10_-_Induction\01_10.1_Induction_3_min.srt","01_10.1_Induction_3_min (C:\Users\Professor Moriarty\Downloads\intrologic-006\08_Lesson_10_-_Induction)",".srt","video","Video","01_10.1_Induction_3_min.srt","1077936503","0","30/09/2019 04:55:07.7535374","0,015625","file","CB7543F3607C5F1C","SRT File","4551"
"A047A5676634DCBD547C72CC5001FCC9","26126312","02_10.2_Domain_Closure_2_min.srt","2534","ReadOnly, Archive, Sparse_File (545)","30/09/2019 04:47:36.4971367","30/09/2019 04:47:36.4971367","30/09/2019 04:48:57.0022045","file:C:/Users/Professor Moriarty/Downloads/intrologic-006/08_Lesson_10_-_Induction/02_10.2_Domain_Closure_2_min.srt","08_Lesson_10_-_Induction","30/09/2019 04:47:36.4971367","30/09/2019 04:47:36.4971367","30/09/2019 04:47:36.4971367",".srt","6","False","False","False","30/09/2019 04:47:36.4971367","C:\Users\Professor Moriarty\Downloads\intrologic-006\08_Lesson_10_-_Induction","08_Lesson_10_-_Induction (C:\Users\Professor Moriarty\Downloads\intrologic-006)","02_10.2_Domain_Closure_2_min.srt","02_10.2_Domain_Closure_2_min.srt","02_10.2_Domain_Closure_2_min","C:\Users\Professor Moriarty\Downloads\intrologic-006\08_Lesson_10_-_Induction\02_10.2_Domain_Closure_2_min.srt","02_10.2_Domain_Closure_2_min (C:\Users\Professor Moriarty\Downloads\intrologic-006\08_Lesson_10_-_Induction)",".srt","video","Video","02_10.2_Domain_Closure_2_min.srt","1077936503","0","30/09/2019 04:55:07.6532100","0,015625","file","12F6F9D41E922459","SRT File","4555"
"3513AF7B434F846C5A90D3D0DA1A4161","26126312","03_10.3_Linear_Induction_7_min.srt","8240","ReadOnly, Archive, Sparse_File (545)","30/09/2019 04:47:40.3411988","30/09/2019 04:47:39.5942122","30/09/2019 04:48:56.9178067","file:C:/Users/Professor Moriarty/Downloads/intrologic-006/08_Lesson_10_-_Induction/03_10.3_Linear_Induction_7_min.srt","08_Lesson_10_-_Induction","30/09/2019 04:47:40.0000000","30/09/2019 04:47:40.0000000","30/09/2019 04:47:40.3411988",".srt","6","False","False","False","30/09/2019 04:47:40.0000000","C:\Users\Professor Moriarty\Downloads\intrologic-006\08_Lesson_10_-_Induction","08_Lesson_10_-_Induction (C:\Users\Professor Moriarty\Downloads\intrologic-006)","03_10.3_Linear_Induction_7_min.srt","03_10.3_Linear_Induction_7_min.srt","03_10.3_Linear_Induction_7_min","C:\Users\Professor Moriarty\Downloads\intrologic-006\08_Lesson_10_-_Induction\03_10.3_Linear_Induction_7_min.srt","03_10.3_Linear_Induction_7_min (C:\Users\Professor Moriarty\Downloads\intrologic-006\08_Lesson_10_-_Induction)",".srt","video","Video","03_10.3_Linear_Induction_7_min.srt","1077936503","0","30/09/2019 04:55:07.4529158","0","file","0BB52B2C6DC2BE36","SRT File","4559"
"C4865B1462AAC3A6286CE9948E4B2F0F","26126312","05_10.5_Structural_Induction_6_min.srt","7974","ReadOnly, Archive, Sparse_File (545)","30/09/2019 04:47:47.0530827","30/09/2019 04:47:46.7110166","30/09/2019 04:48:56.4618515","file:C:/Users/Professor Moriarty/Downloads/intrologic-006/08_Lesson_10_-_Induction/05_10.5_Structural_Induction_6_min.srt","08_Lesson_10_-_Induction","30/09/2019 04:47:47.0530827","30/09/2019 04:47:47.0530827","30/09/2019 04:47:47.0530827",".srt","6","False","False","False","30/09/2019 04:47:47.0530827","C:\Users\Professor Moriarty\Downloads\intrologic-006\08_Lesson_10_-_Induction","08_Lesson_10_-_Induction (C:\Users\Professor Moriarty\Downloads\intrologic-006)","05_10.5_Structural_Induction_6_min.srt","05_10.5_Structural_Induction_6_min.srt","05_10.5_Structural_Induction_6_min","C:\Users\Professor Moriarty\Downloads\intrologic-006\08_Lesson_10_-_Induction\05_10.5_Structural_Induction_6_min.srt","05_10.5_Structural_Induction_6_min (C:\Users\Professor Moriarty\Downloads\intrologic-006\08_Lesson_10_-_Induction)",".srt","video","Video","05_10.5_Structural_Induction_6_min.srt","1077936503","0","30/09/2019 04:55:07.3214070","0","file","157A47D237D3BE26","SRT File","4564"
"DB9EFA807F4B68C18BEF21D41AC89919","26126312","04_10.4_Tree_Induction_4_min.srt","5067","ReadOnly, Archive, Sparse_File (545)","30/09/2019 04:47:43.4641430","30/09/2019 04:47:43.4641430","30/09/2019 04:48:56.5471939","file:C:/Users/Professor Moriarty/Downloads/intrologic-006/08_Lesson_10_-_Induction/04_10.4_Tree_Induction_4_min.srt","08_Lesson_10_-_Induction","30/09/2019 04:47:43.4641430","30/09/2019 04:47:43.4641430","30/09/2019 04:47:43.4641430",".srt","6","False","False","False","30/09/2019 04:47:43.4641430","C:\Users\Professor Moriarty\Downloads\intrologic-006\08_Lesson_10_-_Induction","08_Lesson_10_-_Induction (C:\Users\Professor Moriarty\Downloads\intrologic-006)","04_10.4_Tree_Induction_4_min.srt","04_10.4_Tree_Induction_4_min.srt","04_10.4_Tree_Induction_4_min","C:\Users\Professor Moriarty\Downloads\intrologic-006\08_Lesson_10_-_Induction\04_10.4_Tree_Induction_4_min.srt","04_10.4_Tree_Induction_4_min (C:\Users\Professor Moriarty\Downloads\intrologic-006\08_Lesson_10_-_Induction)",".srt","video","Video","04_10.4_Tree_Induction_4_min.srt","1077936503","0","30/09/2019 04:55:07.2212724","0","file","3587FC502A5E509A","SRT File","4567"
"349A85171C5719A9BC2EEE683B256C43","26126312","01_Equality_3_min.srt","3097","ReadOnly, Archive, Sparse_File (545)","30/09/2019 04:47:50.9987464","30/09/2019 04:47:50.9987464","30/09/2019 04:48:56.2835468","file:C:/Users/Professor Moriarty/Downloads/intrologic-006/09_Equality/01_Equality_3_min.srt","09_Equality","30/09/2019 04:47:50.9987464","30/09/2019 04:47:50.9987464","30/09/2019 04:47:50.9987464",".srt","6","False","False","False","30/09/2019 04:47:50.9987464","C:\Users\Professor Moriarty\Downloads\intrologic-006\09_Equality","09_Equality (C:\Users\Professor Moriarty\Downloads\intrologic-006)","01_Equality_3_min.srt","01_Equality_3_min.srt","01_Equality_3_min","C:\Users\Professor Moriarty\Downloads\intrologic-006\09_Equality\01_Equality_3_min.srt","01_Equality_3_min (C:\Users\Professor Moriarty\Downloads\intrologic-006\09_Equality)",".srt","video","Video","01_Equality_3_min.srt","1077936503","0","30/09/2019 04:55:07.1830637","0","file","EB0BA5F8DF5A2FA9","SRT File","4571"
"2F22618CCF1CB192768DBF6A6AF8D0C0","26126312","02_Properties_of_Equality_3_min.srt","3239","ReadOnly, Archive, Sparse_File (545)","30/09/2019 04:47:51.9789020","30/09/2019 04:47:51.9781639","30/09/2019 04:48:56.2613703","file:C:/Users/Professor Moriarty/Downloads/intrologic-006/09_Equality/02_Properties_of_Equality_3_min.srt","09_Equality","30/09/2019 04:47:51.9789020","30/09/2019 04:47:51.9789020","30/09/2019 04:47:51.9789020",".srt","6","False","False","False","30/09/2019 04:47:51.9789020","C:\Users\Professor Moriarty\Downloads\intrologic-006\09_Equality","09_Equality (C:\Users\Professor Moriarty\Downloads\intrologic-006)","02_Properties_of_Equality_3_min.srt","02_Properties_of_Equality_3_min.srt","02_Properties_of_Equality_3_min","C:\Users\Professor Moriarty\Downloads\intrologic-006\09_Equality\02_Properties_of_Equality_3_min.srt","02_Properties_of_Equality_3_min (C:\Users\Professor Moriarty\Downloads\intrologic-006\09_Equality)",".srt","video","Video","02_Properties_of_Equality_3_min.srt","1077936503","0","30/09/2019 04:55:07.1830637","0","file","01F55DC0A109BA4B","SRT File","4572"
"A91D29B9A31860CF5932029237CE3317","26126312","03_Substitution_3_min.srt","3410","ReadOnly, Archive, Sparse_File (545)","30/09/2019 04:47:57.1254234","30/09/2019 04:47:57.1244240","30/09/2019 04:48:56.2613703","file:C:/Users/Professor Moriarty/Downloads/intrologic-006/09_Equality/03_Substitution_3_min.srt","09_Equality","30/09/2019 04:47:57.1254234","30/09/2019 04:47:57.1254234","30/09/2019 04:47:57.1254234",".srt","6","False","False","False","30/09/2019 04:47:57.1254234","C:\Users\Professor Moriarty\Downloads\intrologic-006\09_Equality","09_Equality (C:\Users\Professor Moriarty\Downloads\intrologic-006)","03_Substitution_3_min.srt","03_Substitution_3_min.srt","03_Substitution_3_min","C:\Users\Professor Moriarty\Downloads\intrologic-006\09_Equality\03_Substitution_3_min.srt","03_Substitution_3_min (C:\Users\Professor Moriarty\Downloads\intrologic-006\09_Equality)",".srt","video","Video","03_Substitution_3_min.srt","1077936503","0","30/09/2019 04:55:07.1673744","0,015625","file","B6A1399BEAB9F52F","SRT File","4576"
"FD77AB5E806420580BAF58D2DEE3CB08","26126312","04_Fitch_with_Equality_3_min.srt","3867","ReadOnly, Archive, Sparse_File (545)","30/09/2019 04:48:02.7061124","30/09/2019 04:48:02.7061124","30/09/2019 04:48:56.0608669","file:C:/Users/Professor Moriarty/Downloads/intrologic-006/09_Equality/04_Fitch_with_Equality_3_min.srt","09_Equality","30/09/2019 04:48:02.7061124","30/09/2019 04:48:02.7061124","30/09/2019 04:48:02.7061124",".srt","6","False","False","False","30/09/2019 04:48:02.7061124","C:\Users\Professor Moriarty\Downloads\intrologic-006\09_Equality","09_Equality (C:\Users\Professor Moriarty\Downloads\intrologic-006)","04_Fitch_with_Equality_3_min.srt","04_Fitch_with_Equality_3_min.srt","04_Fitch_with_Equality_3_min","C:\Users\Professor Moriarty\Downloads\intrologic-006\09_Equality\04_Fitch_with_Equality_3_min.srt","04_Fitch_with_Equality_3_min (C:\Users\Professor Moriarty\Downloads\intrologic-006\09_Equality)",".srt","video","Video","04_Fitch_with_Equality_3_min.srt","1077936503","0","30/09/2019 04:55:07.1520845","0","file","05D5AA612F344CD4","SRT File","4577"
"9EF7B3ED97185693C5F4B875B0C8F70E","26126312","05_More_examples_2_min.srt","2339","ReadOnly, Archive, Sparse_File (545)","30/09/2019 04:48:08.2965626","30/09/2019 04:48:08.2965626","30/09/2019 04:48:56.0296179","file:C:/Users/Professor Moriarty/Downloads/intrologic-006/09_Equality/05_More_examples_2_min.srt","09_Equality","30/09/2019 04:48:08.2965626","30/09/2019 04:48:08.2965626","30/09/2019 04:48:08.2965626",".srt","6","False","False","False","30/09/2019 04:48:08.2965626","C:\Users\Professor Moriarty\Downloads\intrologic-006\09_Equality","09_Equality (C:\Users\Professor Moriarty\Downloads\intrologic-006)","05_More_examples_2_min.srt","05_More_examples_2_min.srt","05_More_examples_2_min","C:\Users\Professor Moriarty\Downloads\intrologic-006\09_Equality\05_More_examples_2_min.srt","05_More_examples_2_min (C:\Users\Professor Moriarty\Downloads\intrologic-006\09_Equality)",".srt","video","Video","05_More_examples_2_min.srt","1077936503","0","30/09/2019 04:55:07.0668776","0","file","BA74014DACD4E880","SRT File","4583"
"8F3E140AE4C87F63219EB24BBDC8DAE7","26126312","01_First_Order_Logic_a_very_brief_introduction.srt","10493","ReadOnly, Archive, Sparse_File (545)","30/09/2019 04:48:12.8569587","30/09/2019 04:48:12.8569587","30/09/2019 04:48:55.9290990","file:C:/Users/Professor Moriarty/Downloads/intrologic-006/10_First_Order_Logic/01_First_Order_Logic_a_very_brief_introduction.srt","10_First_Order_Logic","30/09/2019 04:48:12.8569587","30/09/2019 04:48:12.8569587","30/09/2019 04:48:12.8569587",".srt","6","False","False","False","30/09/2019 04:48:12.8569587","C:\Users\Professor Moriarty\Downloads\intrologic-006\10_First_Order_Logic","10_First_Order_Logic (C:\Users\Professor Moriarty\Downloads\intrologic-006)","01_First_Order_Logic_a_very_brief_introduction.srt","01_First_Order_Logic_a_very_brief_introduction.srt","01_First_Order_Logic_a_very_brief_introduction","C:\Users\Professor Moriarty\Downloads\intrologic-006\10_First_Order_Logic\01_First_Order_Logic_a_very_brief_introduction.srt","01_First_Order_Logic_a_very_brief_introduction (C:\Users\Professor Moriarty\Downloads\intrologic-006\10_First_Order_Logic)",".srt","video","Video","01_First_Order_Logic_a_very_brief_introduction.srt","1077936503","0","30/09/2019 04:55:07.0668776","0,015625","file","907ED7B2050EA313","SRT File","4587"
"B46E1974A543CB706927D028CB5E260C","26126312","01_Introduction_7_min.srt","9493","ReadOnly, Archive, Sparse_File (545)","30/09/2019 04:48:19.6641038","30/09/2019 04:48:18.9080979","30/09/2019 04:48:55.8756527","file:C:/Users/Professor Moriarty/Downloads/intrologic-006/11_General_Game_Playing/01_Introduction_7_min.srt","11_General_Game_Playing","30/09/2019 04:48:19.6641038","30/09/2019 04:48:19.6641038","30/09/2019 04:48:19.6641038",".srt","6","False","False","False","30/09/2019 04:48:19.6641038","C:\Users\Professor Moriarty\Downloads\intrologic-006\11_General_Game_Playing","11_General_Game_Playing (C:\Users\Professor Moriarty\Downloads\intrologic-006)","01_Introduction_7_min.srt","01_Introduction_7_min.srt","01_Introduction_7_min","C:\Users\Professor Moriarty\Downloads\intrologic-006\11_General_Game_Playing\01_Introduction_7_min.srt","01_Introduction_7_min (C:\Users\Professor Moriarty\Downloads\intrologic-006\11_General_Game_Playing)",".srt","video","Video","01_Introduction_7_min.srt","1077936503","0","30/09/2019 04:55:07.0356295","0","file","57990719A7CADC0D","SRT File","4589"
"C35AB80C4F2055E2CE9693A123FCEA92","26126312","02_Game_Description_8_min.srt","10256","ReadOnly, Archive, Sparse_File (545)","30/09/2019 04:48:28.1962385","30/09/2019 04:48:28.1962385","30/09/2019 04:48:55.8131531","file:C:/Users/Professor Moriarty/Downloads/intrologic-006/11_General_Game_Playing/02_Game_Description_8_min.srt","11_General_Game_Playing","30/09/2019 04:48:28.1962385","30/09/2019 04:48:28.1962385","30/09/2019 04:48:28.1962385",".srt","6","False","False","False","30/09/2019 04:48:28.1962385","C:\Users\Professor Moriarty\Downloads\intrologic-006\11_General_Game_Playing","11_General_Game_Playing (C:\Users\Professor Moriarty\Downloads\intrologic-006)","02_Game_Description_8_min.srt","02_Game_Description_8_min.srt","02_Game_Description_8_min","C:\Users\Professor Moriarty\Downloads\intrologic-006\11_General_Game_Playing\02_Game_Description_8_min.srt","02_Game_Description_8_min (C:\Users\Professor Moriarty\Downloads\intrologic-006\11_General_Game_Playing)",".srt","video","Video","02_Game_Description_8_min.srt","1077936503","0","30/09/2019 04:55:07.0356295","0","file","489E6963C91F5698","SRT File","4591"
"FF253D3BCEA6F171D9526DE1D4E7E20D","26126312","03_Game_Management_2_min.srt","3600","ReadOnly, Archive, Sparse_File (545)","30/09/2019 04:48:33.6989558","30/09/2019 04:48:33.6455571","30/09/2019 04:48:55.7598137","file:C:/Users/Professor Moriarty/Downloads/intrologic-006/11_General_Game_Playing/03_Game_Management_2_min.srt","11_General_Game_Playing","30/09/2019 04:48:33.6989558","30/09/2019 04:48:33.6989558","30/09/2019 04:48:33.6989558",".srt","6","False","False","False","30/09/2019 04:48:33.6989558","C:\Users\Professor Moriarty\Downloads\intrologic-006\11_General_Game_Playing","11_General_Game_Playing (C:\Users\Professor Moriarty\Downloads\intrologic-006)","03_Game_Management_2_min.srt","03_Game_Management_2_min.srt","03_Game_Management_2_min","C:\Users\Professor Moriarty\Downloads\intrologic-006\11_General_Game_Playing\03_Game_Management_2_min.srt","03_Game_Management_2_min (C:\Users\Professor Moriarty\Downloads\intrologic-006\11_General_Game_Playing)",".srt","video","Video","03_Game_Management_2_min.srt","1077936503","0","30/09/2019 04:55:07.0200447","0,015625","file","42F1D4B16D4D0B73","SRT File","4593"
"6B02A99584D6ED9EF241FFF1E5371F3E","26126312","04_General_Game_Playing_14_min.srt","18717","ReadOnly, Archive, Sparse_File (545)","30/09/2019 04:48:37.0888639","30/09/2019 04:48:37.0231750","30/09/2019 04:48:55.2279503","file:C:/Users/Professor Moriarty/Downloads/intrologic-006/11_General_Game_Playing/04_General_Game_Playing_14_min.srt","11_General_Game_Playing","30/09/2019 04:48:37.0888639","30/09/2019 04:48:37.0888639","30/09/2019 04:48:37.0888639",".srt","6","False","False","False","30/09/2019 04:48:37.0888639","C:\Users\Professor Moriarty\Downloads\intrologic-006\11_General_Game_Playing","11_General_Game_Playing (C:\Users\Professor Moriarty\Downloads\intrologic-006)","04_General_Game_Playing_14_min.srt","04_General_Game_Playing_14_min.srt","04_General_Game_Playing_14_min","C:\Users\Professor Moriarty\Downloads\intrologic-006\11_General_Game_Playing\04_General_Game_Playing_14_min.srt","04_General_Game_Playing_14_min (C:\Users\Professor Moriarty\Downloads\intrologic-006\11_General_Game_Playing)",".srt","video","Video","04_General_Game_Playing_14_min.srt","1077936503","0","30/09/2019 04:55:07.0043610","0","file","6001302DFE689442","SRT File","4596"
"014ECF08F4D0524DA63B57DF980EA63F","26126312","05_Philosophical_Remarks_5_min.srt","7117","ReadOnly, Archive, Sparse_File (545)","30/09/2019 04:48:44.1300741","30/09/2019 04:48:44.1240504","30/09/2019 04:48:53.0522912","file:C:/Users/Professor Moriarty/Downloads/intrologic-006/11_General_Game_Playing/05_Philosophical_Remarks_5_min.srt","11_General_Game_Playing","30/09/2019 04:48:44.1300741","30/09/2019 04:48:44.1300741","30/09/2019 04:48:44.1300741",".srt","6","False","False","False","30/09/2019 04:48:44.1300741","C:\Users\Professor Moriarty\Downloads\intrologic-006\11_General_Game_Playing","11_General_Game_Playing (C:\Users\Professor Moriarty\Downloads\intrologic-006)","05_Philosophical_Remarks_5_min.srt","05_Philosophical_Remarks_5_min.srt","05_Philosophical_Remarks_5_min","C:\Users\Professor Moriarty\Downloads\intrologic-006\11_General_Game_Playing\05_Philosophical_Remarks_5_min.srt","05_Philosophical_Remarks_5_min (C:\Users\Professor Moriarty\Downloads\intrologic-006\11_General_Game_Playing)",".srt","video","Video","05_Philosophical_Remarks_5_min.srt","1077936503","0","30/09/2019 04:55:06.9821615","0","file","2A7A6F6B6325F480","SRT File","4598"
"EE9301E9625F0E582C59B5538FCE6211","26126312","06_International_GGP_Competition_4_min.srt","5358","ReadOnly, Archive, Sparse_File (545)","30/09/2019 04:54:46.5499196","30/09/2019 04:54:46.5499196","30/09/2019 04:54:46.6655593","file:C:/Users/Professor Moriarty/Downloads/intrologic-006/11_General_Game_Playing/06_International_GGP_Competition_4_min.srt","11_General_Game_Playing","30/09/2019 04:54:46.5499196","30/09/2019 04:54:46.5499196","30/09/2019 04:54:46.5499196",".srt","6","False","False","False","30/09/2019 04:54:46.5499196","C:\Users\Professor Moriarty\Downloads\intrologic-006\11_General_Game_Playing","11_General_Game_Playing (C:\Users\Professor Moriarty\Downloads\intrologic-006)","06_International_GGP_Competition_4_min.srt","06_International_GGP_Competition_4_min.srt","06_International_GGP_Competition_4_min","C:\Users\Professor Moriarty\Downloads\intrologic-006\11_General_Game_Playing\06_International_GGP_Competition_4_min.srt","06_International_GGP_Competition_4_min (C:\Users\Professor Moriarty\Downloads\intrologic-006\11_General_Game_Playing)",".srt","video","Video","06_International_GGP_Competition_4_min.srt","1077936503","0","30/09/2019 04:55:03.9995904","0","file","4FCF6DFBBE6E78E2","SRT File","4864"
