0F-InvertedOnlyMD5,0-InvertedOnlyPids,11-System_FileName,13F-System_Size,14F-System_FileAttributes,15F-System_DateModified,16F-System_DateCreated,17F-System_DateAccessed,33-System_ItemUrl,3-System_ItemFolderNameDisplay,4182-System_ComputerName,4351-System_ContentType,4363-System_DateImported,4369-System_Document_DateCreated,4371-System_Document_DateSaved,4390-System_FileExtension,4394-System_FileOwner,4395-System_FilePlaceholderStatus,4415-System_Image_BitDepth,4418-System_Image_Dimensions,4419-System_Image_HorizontalResolution,4420-System_Image_HorizontalSize,4421-System_Image_VerticalResolution,4422-System_Image_VerticalSize,4427-System_IsAttachment,4429-System_IsEncrypted,4432-System_IsFolder,4436-System_ItemDate,4438-System_ItemFolderPathDisplay,4439-System_ItemFolderPathDisplayNarrow,4440-System_ItemName,4441-System_ItemNameDisplay,4442-System_ItemNameDisplayWithoutExtension,4445-System_ItemPathDisplay,4446-System_ItemPathDisplayNarrow,4448-System_ItemType,4454-System_Kind,4455-System_KindText,4470-System_MIMEType,4472-System_Media_ClassPrimaryID,4483-System_Media_DlnaProfileID,4557-System_NotUserContent,4563-System_ParsingName,4621-System_SFGAOFlags,4622-System_Search_AccessCount,4629F-System_Search_GatherTime,4631-System_Search_LastIndexedTotalTime,4635-System_Search_Store,4676-System_ThumbnailCacheId,4700-System_VolumeId,5-System_ItemTypeText,WorkID
"86B3C868AAC1C67B1789C918C43C177E","26126312","bbc_logo.gif","1010","Archive (32)","21/08/2019 19:37:54.0000000","15/09/2019 21:05:11.2933451","15/09/2019 21:05:11.3269885","file:C:/Users/Professor Moriarty/Desktop/News/BBC NEWS   Controversial Professor Exonerated_files/bbc_logo.gif","BBC NEWS   Controversial Professor Exonerated_files","DESKTOP-HL2LCVA","image/gif","21/08/2019 19:37:54.0000000","21/08/2019 19:37:54.0000000","21/08/2019 19:37:54.0000000",".gif","DESKTOP-HL2LCVA\Professor Moriarty","6","8","‪121 x 64‬","96","121","96","64","False","False","False","21/08/2019 19:37:54.0000000","C:\Users\Professor Moriarty\Desktop\News\BBC NEWS   Controversial Professor Exonerated_files","BBC NEWS   Controversial Professor Exonerated_files (C:\Users\Professor Moriarty\Desktop\News)","bbc_logo.gif","bbc_logo.gif","bbc_logo","C:\Users\Professor Moriarty\Desktop\News\BBC NEWS   Controversial Professor Exonerated_files\bbc_logo.gif","bbc_logo (C:\Users\Professor Moriarty\Desktop\News\BBC NEWS   Controversial Professor Exonerated_files)",".gif","picture","Picture","image/gif","{6FB2E74A-B8CB-40BB-93F3-FAC5F00FA203}","GIF_LRG","False","bbc_logo.gif","1077936503","0","15/09/2019 21:05:28.0249349","0,03125","file","7D6F0B9AFAD91AE7","eda0f2ba-fb47-4cd4-b875-e076904e8ed9","GIF image","2494"
"1751073D01812360DE486D6B0ADB1126","26126312","cccccc.gif","41","Archive (32)","21/08/2019 19:37:52.0000000","15/09/2019 21:05:11.3735841","15/09/2019 21:05:11.3936008","file:C:/Users/Professor Moriarty/Desktop/News/BBC NEWS   Controversial Professor Exonerated_files/cccccc.gif","BBC NEWS   Controversial Professor Exonerated_files","DESKTOP-HL2LCVA","image/gif","21/08/2019 19:37:52.0000000","21/08/2019 19:37:52.0000000","21/08/2019 19:37:52.0000000",".gif","DESKTOP-HL2LCVA\Professor Moriarty","6","8","‪1 x 1‬","96","1","96","1","False","False","False","21/08/2019 19:37:52.0000000","C:\Users\Professor Moriarty\Desktop\News\BBC NEWS   Controversial Professor Exonerated_files","BBC NEWS   Controversial Professor Exonerated_files (C:\Users\Professor Moriarty\Desktop\News)","cccccc.gif","cccccc.gif","cccccc","C:\Users\Professor Moriarty\Desktop\News\BBC NEWS   Controversial Professor Exonerated_files\cccccc.gif","cccccc (C:\Users\Professor Moriarty\Desktop\News\BBC NEWS   Controversial Professor Exonerated_files)",".gif","picture","Picture","image/gif","{6FB2E74A-B8CB-40BB-93F3-FAC5F00FA203}","GIF_LRG","False","cccccc.gif","1077936503","0","15/09/2019 21:05:27.9937255","0,015625","file","634201D9585E04EF","eda0f2ba-fb47-4cd4-b875-e076904e8ed9","GIF image","2495"
"D5ED318B60915CF3A0DA1314A6F9BF2A","26126312","dot_629.gif","75","Archive (32)","21/08/2019 19:37:52.0000000","15/09/2019 21:05:11.4405255","15/09/2019 21:05:11.4405255","file:C:/Users/Professor Moriarty/Desktop/News/BBC NEWS   Controversial Professor Exonerated_files/dot_629.gif","BBC NEWS   Controversial Professor Exonerated_files","DESKTOP-HL2LCVA","image/gif","21/08/2019 19:37:52.0000000","21/08/2019 19:37:52.0000000","21/08/2019 19:37:52.0000000",".gif","DESKTOP-HL2LCVA\Professor Moriarty","6","8","‪629 x 1‬","96","629","96","1","False","False","False","21/08/2019 19:37:52.0000000","C:\Users\Professor Moriarty\Desktop\News\BBC NEWS   Controversial Professor Exonerated_files","BBC NEWS   Controversial Professor Exonerated_files (C:\Users\Professor Moriarty\Desktop\News)","dot_629.gif","dot_629.gif","dot_629","C:\Users\Professor Moriarty\Desktop\News\BBC NEWS   Controversial Professor Exonerated_files\dot_629.gif","dot_629 (C:\Users\Professor Moriarty\Desktop\News\BBC NEWS   Controversial Professor Exonerated_files)",".gif","picture","Picture","image/gif","{6FB2E74A-B8CB-40BB-93F3-FAC5F00FA203}","GIF_LRG","False","dot_629.gif","1077936503","0","15/09/2019 21:05:27.9781111","0","file","7CD29B78FD8B7931","eda0f2ba-fb47-4cd4-b875-e076904e8ed9","GIF image","2496"
"4A0D66DC9D0C89D8DE5388CD90561DDB","26126312","email.gif","70","Archive (32)","21/08/2019 19:37:52.0000000","15/09/2019 21:05:11.4874080","15/09/2019 21:05:11.4939287","file:C:/Users/Professor Moriarty/Desktop/News/BBC NEWS   Controversial Professor Exonerated_files/email.gif","BBC NEWS   Controversial Professor Exonerated_files","DESKTOP-HL2LCVA","image/gif","21/08/2019 19:37:52.0000000","21/08/2019 19:37:52.0000000","21/08/2019 19:37:52.0000000",".gif","DESKTOP-HL2LCVA\Professor Moriarty","6","8","‪17 x 11‬","96","17","96","11","False","False","False","21/08/2019 19:37:52.0000000","C:\Users\Professor Moriarty\Desktop\News\BBC NEWS   Controversial Professor Exonerated_files","BBC NEWS   Controversial Professor Exonerated_files (C:\Users\Professor Moriarty\Desktop\News)","email.gif","email.gif","email","C:\Users\Professor Moriarty\Desktop\News\BBC NEWS   Controversial Professor Exonerated_files\email.gif","email (C:\Users\Professor Moriarty\Desktop\News\BBC NEWS   Controversial Professor Exonerated_files)",".gif","picture","Picture","image/gif","{6FB2E74A-B8CB-40BB-93F3-FAC5F00FA203}","GIF_LRG","False","email.gif","1077936503","0","15/09/2019 21:05:27.9624473","0,015625","file","C1E2A1E14528C635","eda0f2ba-fb47-4cd4-b875-e076904e8ed9","GIF image","2497"
"5DEB44935715BF8EED3746C23FD1DD94","26126312","end_quote_rb.gif","177","Archive (32)","21/08/2019 19:37:50.0000000","15/09/2019 21:05:11.5252061","15/09/2019 21:05:11.5252061","file:C:/Users/Professor Moriarty/Desktop/News/BBC NEWS   Controversial Professor Exonerated_files/end_quote_rb.gif","BBC NEWS   Controversial Professor Exonerated_files","DESKTOP-HL2LCVA","image/gif","21/08/2019 19:37:50.0000000","21/08/2019 19:37:50.0000000","21/08/2019 19:37:50.0000000",".gif","DESKTOP-HL2LCVA\Professor Moriarty","6","8","‪24 x 13‬","96","24","96","13","False","False","False","21/08/2019 19:37:50.0000000","C:\Users\Professor Moriarty\Desktop\News\BBC NEWS   Controversial Professor Exonerated_files","BBC NEWS   Controversial Professor Exonerated_files (C:\Users\Professor Moriarty\Desktop\News)","end_quote_rb.gif","end_quote_rb.gif","end_quote_rb","C:\Users\Professor Moriarty\Desktop\News\BBC NEWS   Controversial Professor Exonerated_files\end_quote_rb.gif","end_quote_rb (C:\Users\Professor Moriarty\Desktop\News\BBC NEWS   Controversial Professor Exonerated_files)",".gif","picture","Picture","image/gif","{6FB2E74A-B8CB-40BB-93F3-FAC5F00FA203}","GIF_LRG","False","end_quote_rb.gif","1077936503","0","15/09/2019 21:05:27.9249845","0,015625","file","F30E5C4EF277A065","eda0f2ba-fb47-4cd4-b875-e076904e8ed9","GIF image","2498"
"B890CFE69FE10212702450A9AC04AED0","26126312","feed.gif","652","Archive (32)","21/08/2019 19:37:50.0000000","15/09/2019 21:05:11.5566282","15/09/2019 21:05:11.5566282","file:C:/Users/Professor Moriarty/Desktop/News/BBC NEWS   Controversial Professor Exonerated_files/feed.gif","BBC NEWS   Controversial Professor Exonerated_files","DESKTOP-HL2LCVA","image/gif","21/08/2019 19:37:50.0000000","21/08/2019 19:37:50.0000000","21/08/2019 19:37:50.0000000",".gif","DESKTOP-HL2LCVA\Professor Moriarty","6","8","‪16 x 16‬","96","16","96","16","False","False","False","21/08/2019 19:37:50.0000000","C:\Users\Professor Moriarty\Desktop\News\BBC NEWS   Controversial Professor Exonerated_files","BBC NEWS   Controversial Professor Exonerated_files (C:\Users\Professor Moriarty\Desktop\News)","feed.gif","feed.gif","feed","C:\Users\Professor Moriarty\Desktop\News\BBC NEWS   Controversial Professor Exonerated_files\feed.gif","feed (C:\Users\Professor Moriarty\Desktop\News\BBC NEWS   Controversial Professor Exonerated_files)",".gif","picture","Picture","image/gif","{6FB2E74A-B8CB-40BB-93F3-FAC5F00FA203}","GIF_LRG","False","feed.gif","1077936503","0","15/09/2019 21:05:27.2006210","0,015625","file","F804DD8031637328","eda0f2ba-fb47-4cd4-b875-e076904e8ed9","GIF image","2499"
"740AF6644266954E705EFB7D2D634824","26126312","inline_dashed_line.gif","58","Archive (32)","21/08/2019 19:37:48.0000000","15/09/2019 21:05:11.7730032","15/09/2019 21:05:11.7886702","file:C:/Users/Professor Moriarty/Desktop/News/BBC NEWS   Controversial Professor Exonerated_files/inline_dashed_line.gif","BBC NEWS   Controversial Professor Exonerated_files","DESKTOP-HL2LCVA","image/gif","21/08/2019 19:37:48.0000000","21/08/2019 19:37:48.0000000","21/08/2019 19:37:48.0000000",".gif","DESKTOP-HL2LCVA\Professor Moriarty","6","8","‪203 x 1‬","96","203","96","1","False","False","False","21/08/2019 19:37:48.0000000","C:\Users\Professor Moriarty\Desktop\News\BBC NEWS   Controversial Professor Exonerated_files","BBC NEWS   Controversial Professor Exonerated_files (C:\Users\Professor Moriarty\Desktop\News)","inline_dashed_line.gif","inline_dashed_line.gif","inline_dashed_line","C:\Users\Professor Moriarty\Desktop\News\BBC NEWS   Controversial Professor Exonerated_files\inline_dashed_line.gif","inline_dashed_line (C:\Users\Professor Moriarty\Desktop\News\BBC NEWS   Controversial Professor Exonerated_files)",".gif","picture","Picture","image/gif","{6FB2E74A-B8CB-40BB-93F3-FAC5F00FA203}","GIF_LRG","False","inline_dashed_line.gif","1077936503","0","15/09/2019 21:05:27.1505299","0","file","E3F368765CFB2FDD","eda0f2ba-fb47-4cd4-b875-e076904e8ed9","GIF image","2502"
"5DDB953706A9667868472EEFB4FBC28D","26126312","inline_dashed_line_002.gif","58","Archive (32)","21/08/2019 19:37:48.0000000","15/09/2019 21:05:11.8259807","15/09/2019 21:05:11.8417456","file:C:/Users/Professor Moriarty/Desktop/News/BBC NEWS   Controversial Professor Exonerated_files/inline_dashed_line_002.gif","BBC NEWS   Controversial Professor Exonerated_files","DESKTOP-HL2LCVA","image/gif","21/08/2019 19:37:48.0000000","21/08/2019 19:37:48.0000000","21/08/2019 19:37:48.0000000",".gif","DESKTOP-HL2LCVA\Professor Moriarty","6","8","‪203 x 1‬","96","203","96","1","False","False","False","21/08/2019 19:37:48.0000000","C:\Users\Professor Moriarty\Desktop\News\BBC NEWS   Controversial Professor Exonerated_files","BBC NEWS   Controversial Professor Exonerated_files (C:\Users\Professor Moriarty\Desktop\News)","inline_dashed_line_002.gif","inline_dashed_line_002.gif","inline_dashed_line_002","C:\Users\Professor Moriarty\Desktop\News\BBC NEWS   Controversial Professor Exonerated_files\inline_dashed_line_002.gif","inline_dashed_line_002 (C:\Users\Professor Moriarty\Desktop\News\BBC NEWS   Controversial Professor Exonerated_files)",".gif","picture","Picture","image/gif","{6FB2E74A-B8CB-40BB-93F3-FAC5F00FA203}","GIF_LRG","False","inline_dashed_line_002.gif","1077936503","0","15/09/2019 21:05:27.1402591","0,015625","file","AB25D32D9A95455B","eda0f2ba-fb47-4cd4-b875-e076904e8ed9","GIF image","2503"
"F7558D6A17DFE3FCD284F03E44FC9FAC","26126312","line_hyper.gif","43","Archive (32)","21/08/2019 19:37:46.0000000","15/09/2019 21:05:12.2584617","15/09/2019 21:05:12.2584617","file:C:/Users/Professor Moriarty/Desktop/News/BBC NEWS   Controversial Professor Exonerated_files/line_hyper.gif","BBC NEWS   Controversial Professor Exonerated_files","DESKTOP-HL2LCVA","image/gif","21/08/2019 19:37:46.0000000","21/08/2019 19:37:46.0000000","21/08/2019 19:37:46.0000000",".gif","DESKTOP-HL2LCVA\Professor Moriarty","6","8","‪1 x 1‬","96","1","96","1","False","False","False","21/08/2019 19:37:46.0000000","C:\Users\Professor Moriarty\Desktop\News\BBC NEWS   Controversial Professor Exonerated_files","BBC NEWS   Controversial Professor Exonerated_files (C:\Users\Professor Moriarty\Desktop\News)","line_hyper.gif","line_hyper.gif","line_hyper","C:\Users\Professor Moriarty\Desktop\News\BBC NEWS   Controversial Professor Exonerated_files\line_hyper.gif","line_hyper (C:\Users\Professor Moriarty\Desktop\News\BBC NEWS   Controversial Professor Exonerated_files)",".gif","picture","Picture","image/gif","{6FB2E74A-B8CB-40BB-93F3-FAC5F00FA203}","GIF_LRG","False","line_hyper.gif","1077936503","0","15/09/2019 21:05:27.1043507","0","file","DFDB0B6DDC641E4C","eda0f2ba-fb47-4cd4-b875-e076904e8ed9","GIF image","2505"
"6A257D409F36C5BECE131BC4A1560CCD","26126312","o.gif","43","Archive (32)","21/08/2019 19:37:42.0000000","15/09/2019 21:05:12.8758577","15/09/2019 21:05:12.8758577","file:C:/Users/Professor Moriarty/Desktop/News/BBC NEWS   Controversial Professor Exonerated_files/o.gif","BBC NEWS   Controversial Professor Exonerated_files","DESKTOP-HL2LCVA","image/gif","21/08/2019 19:37:42.0000000","21/08/2019 19:37:42.0000000","21/08/2019 19:37:42.0000000",".gif","DESKTOP-HL2LCVA\Professor Moriarty","6","8","‪1 x 1‬","96","1","96","1","False","False","False","21/08/2019 19:37:42.0000000","C:\Users\Professor Moriarty\Desktop\News\BBC NEWS   Controversial Professor Exonerated_files","BBC NEWS   Controversial Professor Exonerated_files (C:\Users\Professor Moriarty\Desktop\News)","o.gif","o.gif","o","C:\Users\Professor Moriarty\Desktop\News\BBC NEWS   Controversial Professor Exonerated_files\o.gif","o (C:\Users\Professor Moriarty\Desktop\News\BBC NEWS   Controversial Professor Exonerated_files)",".gif","picture","Picture","image/gif","{6FB2E74A-B8CB-40BB-93F3-FAC5F00FA203}","GIF_LRG","False","o.gif","1077936503","0","15/09/2019 21:05:25.4115849","0","file","07AD2F2F252980DE","eda0f2ba-fb47-4cd4-b875-e076904e8ed9","GIF image","2510"
"B4435CD5579114D0EA709FAA65A8FB87","26126312","opennews.gif","207","Archive (32)","21/08/2019 19:37:42.0000000","15/09/2019 21:05:13.3881185","15/09/2019 21:05:13.3881185","file:C:/Users/Professor Moriarty/Desktop/News/BBC NEWS   Controversial Professor Exonerated_files/opennews.gif","BBC NEWS   Controversial Professor Exonerated_files","DESKTOP-HL2LCVA","image/gif","21/08/2019 19:37:42.0000000","21/08/2019 19:37:42.0000000","21/08/2019 19:37:42.0000000",".gif","DESKTOP-HL2LCVA\Professor Moriarty","6","8","‪54 x 13‬","96","54","96","13","False","False","False","21/08/2019 19:37:42.0000000","C:\Users\Professor Moriarty\Desktop\News\BBC NEWS   Controversial Professor Exonerated_files","BBC NEWS   Controversial Professor Exonerated_files (C:\Users\Professor Moriarty\Desktop\News)","opennews.gif","opennews.gif","opennews","C:\Users\Professor Moriarty\Desktop\News\BBC NEWS   Controversial Professor Exonerated_files\opennews.gif","opennews (C:\Users\Professor Moriarty\Desktop\News\BBC NEWS   Controversial Professor Exonerated_files)",".gif","picture","Picture","image/gif","{6FB2E74A-B8CB-40BB-93F3-FAC5F00FA203}","GIF_LRG","False","opennews.gif","1077936503","0","15/09/2019 21:05:15.8389280","0,015625","file","49541A33C1A6C0A4","eda0f2ba-fb47-4cd4-b875-e076904e8ed9","GIF image","2512"
"974C193543650BDD344CC4B5D5591439","26126312","opennews_rb.gif","207","Archive (32)","21/08/2019 19:37:40.0000000","15/09/2019 21:05:13.7494342","15/09/2019 21:05:13.7494342","file:C:/Users/Professor Moriarty/Desktop/News/BBC NEWS   Controversial Professor Exonerated_files/opennews_rb.gif","BBC NEWS   Controversial Professor Exonerated_files","DESKTOP-HL2LCVA","image/gif","21/08/2019 19:37:40.0000000","21/08/2019 19:37:40.0000000","21/08/2019 19:37:40.0000000",".gif","DESKTOP-HL2LCVA\Professor Moriarty","6","8","‪54 x 13‬","96","54","96","13","False","False","False","21/08/2019 19:37:40.0000000","C:\Users\Professor Moriarty\Desktop\News\BBC NEWS   Controversial Professor Exonerated_files","BBC NEWS   Controversial Professor Exonerated_files (C:\Users\Professor Moriarty\Desktop\News)","opennews_rb.gif","opennews_rb.gif","opennews_rb","C:\Users\Professor Moriarty\Desktop\News\BBC NEWS   Controversial Professor Exonerated_files\opennews_rb.gif","opennews_rb (C:\Users\Professor Moriarty\Desktop\News\BBC NEWS   Controversial Professor Exonerated_files)",".gif","picture","Picture","image/gif","{6FB2E74A-B8CB-40BB-93F3-FAC5F00FA203}","GIF_LRG","False","opennews_rb.gif","1077936503","0","15/09/2019 21:05:15.8233071","0,015625","file","7D0DF77423BD0194","eda0f2ba-fb47-4cd4-b875-e076904e8ed9","GIF image","2513"
"A3BA910FB1DB93AFD19D01AE1C4A022D","26126312","o_002.gif","43","Archive (32)","21/08/2019 19:37:40.0000000","15/09/2019 21:05:13.8188754","15/09/2019 21:05:13.8343331","file:C:/Users/Professor Moriarty/Desktop/News/BBC NEWS   Controversial Professor Exonerated_files/o_002.gif","BBC NEWS   Controversial Professor Exonerated_files","DESKTOP-HL2LCVA","image/gif","21/08/2019 19:37:40.0000000","21/08/2019 19:37:40.0000000","21/08/2019 19:37:40.0000000",".gif","DESKTOP-HL2LCVA\Professor Moriarty","6","8","‪1 x 1‬","96","1","96","1","False","False","False","21/08/2019 19:37:40.0000000","C:\Users\Professor Moriarty\Desktop\News\BBC NEWS   Controversial Professor Exonerated_files","BBC NEWS   Controversial Professor Exonerated_files (C:\Users\Professor Moriarty\Desktop\News)","o_002.gif","o_002.gif","o_002","C:\Users\Professor Moriarty\Desktop\News\BBC NEWS   Controversial Professor Exonerated_files\o_002.gif","o_002 (C:\Users\Professor Moriarty\Desktop\News\BBC NEWS   Controversial Professor Exonerated_files)",".gif","picture","Picture","image/gif","{6FB2E74A-B8CB-40BB-93F3-FAC5F00FA203}","GIF_LRG","False","o_002.gif","1077936503","0","15/09/2019 21:05:15.6547420","0","file","EA5CB8B458F1E098","eda0f2ba-fb47-4cd4-b875-e076904e8ed9","GIF image","2514"
"2D7C054140097A416A73DB34FF26F37E","26126312","print.gif","79","Archive (32)","21/08/2019 19:37:40.0000000","15/09/2019 21:05:13.9027485","15/09/2019 21:05:14.2199693","file:C:/Users/Professor Moriarty/Desktop/News/BBC NEWS   Controversial Professor Exonerated_files/print.gif","BBC NEWS   Controversial Professor Exonerated_files","DESKTOP-HL2LCVA","image/gif","21/08/2019 19:37:40.0000000","21/08/2019 19:37:40.0000000","21/08/2019 19:37:40.0000000",".gif","DESKTOP-HL2LCVA\Professor Moriarty","6","8","‪17 x 11‬","96","17","96","11","False","False","False","21/08/2019 19:37:40.0000000","C:\Users\Professor Moriarty\Desktop\News\BBC NEWS   Controversial Professor Exonerated_files","BBC NEWS   Controversial Professor Exonerated_files (C:\Users\Professor Moriarty\Desktop\News)","print.gif","print.gif","print","C:\Users\Professor Moriarty\Desktop\News\BBC NEWS   Controversial Professor Exonerated_files\print.gif","print (C:\Users\Professor Moriarty\Desktop\News\BBC NEWS   Controversial Professor Exonerated_files)",".gif","picture","Picture","image/gif","{6FB2E74A-B8CB-40BB-93F3-FAC5F00FA203}","GIF_LRG","False","print.gif","1077936503","0","15/09/2019 21:05:29.7021411","0","file","BA3EEE6A0AF70E58","eda0f2ba-fb47-4cd4-b875-e076904e8ed9","GIF image","2515"
"DE002534C0F37883B113FE86E0FEEFF5","26126312","services_gen.gif","1850","Archive (32)","21/08/2019 19:37:38.0000000","15/09/2019 21:05:14.3200800","15/09/2019 21:05:14.3670779","file:C:/Users/Professor Moriarty/Desktop/News/BBC NEWS   Controversial Professor Exonerated_files/services_gen.gif","BBC NEWS   Controversial Professor Exonerated_files","DESKTOP-HL2LCVA","image/gif","21/08/2019 19:37:38.0000000","21/08/2019 19:37:38.0000000","21/08/2019 19:37:38.0000000",".gif","DESKTOP-HL2LCVA\Professor Moriarty","6","8","‪50 x 50‬","96","50","96","50","False","False","False","21/08/2019 19:37:38.0000000","C:\Users\Professor Moriarty\Desktop\News\BBC NEWS   Controversial Professor Exonerated_files","BBC NEWS   Controversial Professor Exonerated_files (C:\Users\Professor Moriarty\Desktop\News)","services_gen.gif","services_gen.gif","services_gen","C:\Users\Professor Moriarty\Desktop\News\BBC NEWS   Controversial Professor Exonerated_files\services_gen.gif","services_gen (C:\Users\Professor Moriarty\Desktop\News\BBC NEWS   Controversial Professor Exonerated_files)",".gif","picture","Picture","image/gif","{6FB2E74A-B8CB-40BB-93F3-FAC5F00FA203}","GIF_LRG","False","services_gen.gif","1077936503","0","15/09/2019 21:05:15.7854637","0","file","18414E8F48E78AA4","eda0f2ba-fb47-4cd4-b875-e076904e8ed9","GIF image","2517"
"9343998FDDCB8A65B55DFB71423B4928","26126312","start_quote_rb.gif","180","Archive (32)","21/08/2019 19:37:38.0000000","15/09/2019 21:05:14.7207531","15/09/2019 21:05:14.7207531","file:C:/Users/Professor Moriarty/Desktop/News/BBC NEWS   Controversial Professor Exonerated_files/start_quote_rb.gif","BBC NEWS   Controversial Professor Exonerated_files","DESKTOP-HL2LCVA","image/gif","21/08/2019 19:37:38.0000000","21/08/2019 19:37:38.0000000","21/08/2019 19:37:38.0000000",".gif","DESKTOP-HL2LCVA\Professor Moriarty","6","8","‪24 x 13‬","96","24","96","13","False","False","False","21/08/2019 19:37:38.0000000","C:\Users\Professor Moriarty\Desktop\News\BBC NEWS   Controversial Professor Exonerated_files","BBC NEWS   Controversial Professor Exonerated_files (C:\Users\Professor Moriarty\Desktop\News)","start_quote_rb.gif","start_quote_rb.gif","start_quote_rb","C:\Users\Professor Moriarty\Desktop\News\BBC NEWS   Controversial Professor Exonerated_files\start_quote_rb.gif","start_quote_rb (C:\Users\Professor Moriarty\Desktop\News\BBC NEWS   Controversial Professor Exonerated_files)",".gif","picture","Picture","image/gif","{6FB2E74A-B8CB-40BB-93F3-FAC5F00FA203}","GIF_LRG","False","start_quote_rb.gif","1077936503","0","15/09/2019 21:05:15.7698436","0","file","44F499E20B6FE0BD","eda0f2ba-fb47-4cd4-b875-e076904e8ed9","GIF image","2518"
"FBE9CD40DF930A398068FC1FF30167FE","26126312","v3_map_americas_rb.gif","842","Archive (32)","21/08/2019 19:37:36.0000000","15/09/2019 21:05:15.0685248","15/09/2019 21:05:15.0685248","file:C:/Users/Professor Moriarty/Desktop/News/BBC NEWS   Controversial Professor Exonerated_files/v3_map_americas_rb.gif","BBC NEWS   Controversial Professor Exonerated_files","DESKTOP-HL2LCVA","image/gif","21/08/2019 19:37:36.0000000","21/08/2019 19:37:36.0000000","21/08/2019 19:37:36.0000000",".gif","DESKTOP-HL2LCVA\Professor Moriarty","6","8","‪92 x 54‬","96","92","96","54","False","False","False","21/08/2019 19:37:36.0000000","C:\Users\Professor Moriarty\Desktop\News\BBC NEWS   Controversial Professor Exonerated_files","BBC NEWS   Controversial Professor Exonerated_files (C:\Users\Professor Moriarty\Desktop\News)","v3_map_americas_rb.gif","v3_map_americas_rb.gif","v3_map_americas_rb","C:\Users\Professor Moriarty\Desktop\News\BBC NEWS   Controversial Professor Exonerated_files\v3_map_americas_rb.gif","v3_map_americas_rb (C:\Users\Professor Moriarty\Desktop\News\BBC NEWS   Controversial Professor Exonerated_files)",".gif","picture","Picture","image/gif","{6FB2E74A-B8CB-40BB-93F3-FAC5F00FA203}","GIF_LRG","False","v3_map_americas_rb.gif","1077936503","0","15/09/2019 21:05:15.6600057","0","file","C648DA48870A9B46","eda0f2ba-fb47-4cd4-b875-e076904e8ed9","GIF image","2521"
"E8C0C4CC14749DB7E423DF98F6BF99E6","26126312","videonews.gif","237","Archive (32)","21/08/2019 19:37:34.0000000","15/09/2019 21:05:15.4230965","15/09/2019 21:05:15.4230965","file:C:/Users/Professor Moriarty/Desktop/News/BBC NEWS   Controversial Professor Exonerated_files/videonews.gif","BBC NEWS   Controversial Professor Exonerated_files","DESKTOP-HL2LCVA","image/gif","21/08/2019 19:37:34.0000000","21/08/2019 19:37:34.0000000","21/08/2019 19:37:34.0000000",".gif","DESKTOP-HL2LCVA\Professor Moriarty","6","8","‪60 x 13‬","96","60","96","13","False","False","False","21/08/2019 19:37:34.0000000","C:\Users\Professor Moriarty\Desktop\News\BBC NEWS   Controversial Professor Exonerated_files","BBC NEWS   Controversial Professor Exonerated_files (C:\Users\Professor Moriarty\Desktop\News)","videonews.gif","videonews.gif","videonews","C:\Users\Professor Moriarty\Desktop\News\BBC NEWS   Controversial Professor Exonerated_files\videonews.gif","videonews (C:\Users\Professor Moriarty\Desktop\News\BBC NEWS   Controversial Professor Exonerated_files)",".gif","picture","Picture","image/gif","{6FB2E74A-B8CB-40BB-93F3-FAC5F00FA203}","GIF_LRG","False","videonews.gif","1077936503","0","15/09/2019 21:05:17.6549245","0","file","8D4C7577FA4BEB2C","eda0f2ba-fb47-4cd4-b875-e076904e8ed9","GIF image","2522"
"94D76FA623CAFF057FC298F41E25C36F","26126312","video_text.gif","634","Archive (32)","21/08/2019 19:37:34.0000000","15/09/2019 21:05:15.8545109","15/09/2019 21:05:15.8701411","file:C:/Users/Professor Moriarty/Desktop/News/BBC NEWS   Controversial Professor Exonerated_files/video_text.gif","BBC NEWS   Controversial Professor Exonerated_files","DESKTOP-HL2LCVA","image/gif","21/08/2019 19:37:34.0000000","21/08/2019 19:37:34.0000000","21/08/2019 19:37:34.0000000",".gif","DESKTOP-HL2LCVA\Professor Moriarty","6","8","‪57 x 13‬","96","57","96","13","False","False","False","21/08/2019 19:37:34.0000000","C:\Users\Professor Moriarty\Desktop\News\BBC NEWS   Controversial Professor Exonerated_files","BBC NEWS   Controversial Professor Exonerated_files (C:\Users\Professor Moriarty\Desktop\News)","video_text.gif","video_text.gif","video_text","C:\Users\Professor Moriarty\Desktop\News\BBC NEWS   Controversial Professor Exonerated_files\video_text.gif","video_text (C:\Users\Professor Moriarty\Desktop\News\BBC NEWS   Controversial Professor Exonerated_files)",".gif","picture","Picture","image/gif","{6FB2E74A-B8CB-40BB-93F3-FAC5F00FA203}","GIF_LRG","False","video_text.gif","1077936503","0","15/09/2019 21:05:16.9371709","0,03125","file","A9F5618011284D0E","eda0f2ba-fb47-4cd4-b875-e076904e8ed9","GIF image","2523"
"F55004709773F116C09E277705523392","26126312","_40859952_katrina_hyper.gif","5160","Archive (32)","21/08/2019 19:37:32.0000000","15/09/2019 21:05:16.7571160","15/09/2019 21:05:16.8730676","file:C:/Users/Professor Moriarty/Desktop/News/BBC NEWS   Controversial Professor Exonerated_files/_40859952_katrina_hyper.gif","BBC NEWS   Controversial Professor Exonerated_files","DESKTOP-HL2LCVA","image/gif","21/08/2019 19:37:32.0000000","21/08/2019 19:37:32.0000000","21/08/2019 19:37:32.0000000",".gif","DESKTOP-HL2LCVA\Professor Moriarty","6","8","‪203 x 40‬","96","203","96","40","False","False","False","21/08/2019 19:37:32.0000000","C:\Users\Professor Moriarty\Desktop\News\BBC NEWS   Controversial Professor Exonerated_files","BBC NEWS   Controversial Professor Exonerated_files (C:\Users\Professor Moriarty\Desktop\News)","_40859952_katrina_hyper.gif","_40859952_katrina_hyper.gif","_40859952_katrina_hyper","C:\Users\Professor Moriarty\Desktop\News\BBC NEWS   Controversial Professor Exonerated_files\_40859952_katrina_hyper.gif","_40859952_katrina_hyper (C:\Users\Professor Moriarty\Desktop\News\BBC NEWS   Controversial Professor Exonerated_files)",".gif","picture","Picture","image/gif","{6FB2E74A-B8CB-40BB-93F3-FAC5F00FA203}","GIF_LRG","False","_40859952_katrina_hyper.gif","1077936503","0","15/09/2019 21:05:17.7235241","0","file","A7BD887AEEC9D2CD","eda0f2ba-fb47-4cd4-b875-e076904e8ed9","GIF image","2526"
"86B3C868AAC1C67B1789C918C43C177E","26126312","bbc_logo.gif","1010","Archive (32)","21/08/2019 19:37:28.0000000","15/09/2019 21:05:17.5166207","15/09/2019 21:05:17.5539050","file:C:/Users/Professor Moriarty/Desktop/News/BBC NEWS   NEWS Disgraced University Professor Leaves_files/bbc_logo.gif","BBC NEWS   NEWS Disgraced University Professor Leaves_files","DESKTOP-HL2LCVA","image/gif","21/08/2019 19:37:28.0000000","21/08/2019 19:37:28.0000000","21/08/2019 19:37:28.0000000",".gif","DESKTOP-HL2LCVA\Professor Moriarty","6","8","‪121 x 64‬","96","121","96","64","False","False","False","21/08/2019 19:37:28.0000000","C:\Users\Professor Moriarty\Desktop\News\BBC NEWS   NEWS Disgraced University Professor Leaves_files","BBC NEWS   NEWS Disgraced University Professor Leaves_files (C:\Users\Professor Moriarty\Desktop\News)","bbc_logo.gif","bbc_logo.gif","bbc_logo","C:\Users\Professor Moriarty\Desktop\News\BBC NEWS   NEWS Disgraced University Professor Leaves_files\bbc_logo.gif","bbc_logo (C:\Users\Professor Moriarty\Desktop\News\BBC NEWS   NEWS Disgraced University Professor Leaves_files)",".gif","picture","Picture","image/gif","{6FB2E74A-B8CB-40BB-93F3-FAC5F00FA203}","GIF_LRG","False","bbc_logo.gif","1077936503","0","15/09/2019 21:05:24.5397838","0","file","C27085BB6300DDAB","eda0f2ba-fb47-4cd4-b875-e076904e8ed9","GIF image","2531"
"D5ED318B60915CF3A0DA1314A6F9BF2A","26126312","dot_629.gif","75","Archive (32)","21/08/2019 19:37:26.0000000","15/09/2019 21:05:17.9017259","15/09/2019 21:05:17.9017259","file:C:/Users/Professor Moriarty/Desktop/News/BBC NEWS   NEWS Disgraced University Professor Leaves_files/dot_629.gif","BBC NEWS   NEWS Disgraced University Professor Leaves_files","DESKTOP-HL2LCVA","image/gif","21/08/2019 19:37:26.0000000","21/08/2019 19:37:26.0000000","21/08/2019 19:37:26.0000000",".gif","DESKTOP-HL2LCVA\Professor Moriarty","6","8","‪629 x 1‬","96","629","96","1","False","False","False","21/08/2019 19:37:26.0000000","C:\Users\Professor Moriarty\Desktop\News\BBC NEWS   NEWS Disgraced University Professor Leaves_files","BBC NEWS   NEWS Disgraced University Professor Leaves_files (C:\Users\Professor Moriarty\Desktop\News)","dot_629.gif","dot_629.gif","dot_629","C:\Users\Professor Moriarty\Desktop\News\BBC NEWS   NEWS Disgraced University Professor Leaves_files\dot_629.gif","dot_629 (C:\Users\Professor Moriarty\Desktop\News\BBC NEWS   NEWS Disgraced University Professor Leaves_files)",".gif","picture","Picture","image/gif","{6FB2E74A-B8CB-40BB-93F3-FAC5F00FA203}","GIF_LRG","False","dot_629.gif","1077936503","0","15/09/2019 21:05:24.3548459","0,015625","file","F880D8D48C037822","eda0f2ba-fb47-4cd4-b875-e076904e8ed9","GIF image","2533"
"4A0D66DC9D0C89D8DE5388CD90561DDB","26126312","email.gif","70","Archive (32)","21/08/2019 19:37:26.0000000","15/09/2019 21:05:17.9395393","15/09/2019 21:05:17.9395393","file:C:/Users/Professor Moriarty/Desktop/News/BBC NEWS   NEWS Disgraced University Professor Leaves_files/email.gif","BBC NEWS   NEWS Disgraced University Professor Leaves_files","DESKTOP-HL2LCVA","image/gif","21/08/2019 19:37:26.0000000","21/08/2019 19:37:26.0000000","21/08/2019 19:37:26.0000000",".gif","DESKTOP-HL2LCVA\Professor Moriarty","6","8","‪17 x 11‬","96","17","96","11","False","False","False","21/08/2019 19:37:26.0000000","C:\Users\Professor Moriarty\Desktop\News\BBC NEWS   NEWS Disgraced University Professor Leaves_files","BBC NEWS   NEWS Disgraced University Professor Leaves_files (C:\Users\Professor Moriarty\Desktop\News)","email.gif","email.gif","email","C:\Users\Professor Moriarty\Desktop\News\BBC NEWS   NEWS Disgraced University Professor Leaves_files\email.gif","email (C:\Users\Professor Moriarty\Desktop\News\BBC NEWS   NEWS Disgraced University Professor Leaves_files)",".gif","picture","Picture","image/gif","{6FB2E74A-B8CB-40BB-93F3-FAC5F00FA203}","GIF_LRG","False","email.gif","1077936503","0","15/09/2019 21:05:20.1671808","0,015625","file","E6EEB9F5760D3F53","eda0f2ba-fb47-4cd4-b875-e076904e8ed9","GIF image","2534"
"5DEB44935715BF8EED3746C23FD1DD94","26126312","end_quote_rb.gif","177","Archive (32)","21/08/2019 19:37:26.0000000","15/09/2019 21:05:18.2873517","15/09/2019 21:05:18.2873517","file:C:/Users/Professor Moriarty/Desktop/News/BBC NEWS   NEWS Disgraced University Professor Leaves_files/end_quote_rb.gif","BBC NEWS   NEWS Disgraced University Professor Leaves_files","DESKTOP-HL2LCVA","image/gif","21/08/2019 19:37:26.0000000","21/08/2019 19:37:26.0000000","21/08/2019 19:37:26.0000000",".gif","DESKTOP-HL2LCVA\Professor Moriarty","6","8","‪24 x 13‬","96","24","96","13","False","False","False","21/08/2019 19:37:26.0000000","C:\Users\Professor Moriarty\Desktop\News\BBC NEWS   NEWS Disgraced University Professor Leaves_files","BBC NEWS   NEWS Disgraced University Professor Leaves_files (C:\Users\Professor Moriarty\Desktop\News)","end_quote_rb.gif","end_quote_rb.gif","end_quote_rb","C:\Users\Professor Moriarty\Desktop\News\BBC NEWS   NEWS Disgraced University Professor Leaves_files\end_quote_rb.gif","end_quote_rb (C:\Users\Professor Moriarty\Desktop\News\BBC NEWS   NEWS Disgraced University Professor Leaves_files)",".gif","picture","Picture","image/gif","{6FB2E74A-B8CB-40BB-93F3-FAC5F00FA203}","GIF_LRG","False","end_quote_rb.gif","1077936503","0","15/09/2019 21:05:19.4097592","0","file","AEF8FB028C5532B0","eda0f2ba-fb47-4cd4-b875-e076904e8ed9","GIF image","2535"
"B890CFE69FE10212702450A9AC04AED0","26126312","feed.gif","618","Archive (32)","21/08/2019 19:37:24.0000000","15/09/2019 21:05:18.6267553","15/09/2019 21:05:18.6267553","file:C:/Users/Professor Moriarty/Desktop/News/BBC NEWS   NEWS Disgraced University Professor Leaves_files/feed.gif","BBC NEWS   NEWS Disgraced University Professor Leaves_files","DESKTOP-HL2LCVA","image/gif","21/08/2019 19:37:24.0000000","21/08/2019 19:37:24.0000000","21/08/2019 19:37:24.0000000",".gif","DESKTOP-HL2LCVA\Professor Moriarty","6","8","‪16 x 16‬","96","16","96","16","False","False","False","21/08/2019 19:37:24.0000000","C:\Users\Professor Moriarty\Desktop\News\BBC NEWS   NEWS Disgraced University Professor Leaves_files","BBC NEWS   NEWS Disgraced University Professor Leaves_files (C:\Users\Professor Moriarty\Desktop\News)","feed.gif","feed.gif","feed","C:\Users\Professor Moriarty\Desktop\News\BBC NEWS   NEWS Disgraced University Professor Leaves_files\feed.gif","feed (C:\Users\Professor Moriarty\Desktop\News\BBC NEWS   NEWS Disgraced University Professor Leaves_files)",".gif","picture","Picture","image/gif","{6FB2E74A-B8CB-40BB-93F3-FAC5F00FA203}","GIF_LRG","False","feed.gif","1077936503","0","15/09/2019 21:05:19.3996918","0,015625","file","CB5A20540D2D88EB","eda0f2ba-fb47-4cd4-b875-e076904e8ed9","GIF image","2536"
"8DB6C435441204AFC1FF75EDED7E0933","26126312","line_av.gif","43","Archive (32)","21/08/2019 19:37:24.0000000","15/09/2019 21:05:19.5055066","15/09/2019 21:05:19.5116676","file:C:/Users/Professor Moriarty/Desktop/News/BBC NEWS   NEWS Disgraced University Professor Leaves_files/line_av.gif","BBC NEWS   NEWS Disgraced University Professor Leaves_files","DESKTOP-HL2LCVA","image/gif","21/08/2019 19:37:24.0000000","21/08/2019 19:37:24.0000000","21/08/2019 19:37:24.0000000",".gif","DESKTOP-HL2LCVA\Professor Moriarty","6","8","‪1 x 1‬","96","1","96","1","False","False","False","21/08/2019 19:37:24.0000000","C:\Users\Professor Moriarty\Desktop\News\BBC NEWS   NEWS Disgraced University Professor Leaves_files","BBC NEWS   NEWS Disgraced University Professor Leaves_files (C:\Users\Professor Moriarty\Desktop\News)","line_av.gif","line_av.gif","line_av","C:\Users\Professor Moriarty\Desktop\News\BBC NEWS   NEWS Disgraced University Professor Leaves_files\line_av.gif","line_av (C:\Users\Professor Moriarty\Desktop\News\BBC NEWS   NEWS Disgraced University Professor Leaves_files)",".gif","picture","Picture","image/gif","{6FB2E74A-B8CB-40BB-93F3-FAC5F00FA203}","GIF_LRG","False","line_av.gif","1077936503","0","15/09/2019 21:05:24.3079506","0","file","59302DA7C2F4C483","eda0f2ba-fb47-4cd4-b875-e076904e8ed9","GIF image","2538"
"CC0A5B39EAB4ED3C63D9CD79194B2BA9","26126312","line_seealso.gif","43","Archive (32)","21/08/2019 19:37:22.0000000","15/09/2019 21:05:19.5823355","15/09/2019 21:05:19.5823355","file:C:/Users/Professor Moriarty/Desktop/News/BBC NEWS   NEWS Disgraced University Professor Leaves_files/line_seealso.gif","BBC NEWS   NEWS Disgraced University Professor Leaves_files","DESKTOP-HL2LCVA","image/gif","21/08/2019 19:37:22.0000000","21/08/2019 19:37:22.0000000","21/08/2019 19:37:22.0000000",".gif","DESKTOP-HL2LCVA\Professor Moriarty","6","8","‪1 x 1‬","96","1","96","1","False","False","False","21/08/2019 19:37:22.0000000","C:\Users\Professor Moriarty\Desktop\News\BBC NEWS   NEWS Disgraced University Professor Leaves_files","BBC NEWS   NEWS Disgraced University Professor Leaves_files (C:\Users\Professor Moriarty\Desktop\News)","line_seealso.gif","line_seealso.gif","line_seealso","C:\Users\Professor Moriarty\Desktop\News\BBC NEWS   NEWS Disgraced University Professor Leaves_files\line_seealso.gif","line_seealso (C:\Users\Professor Moriarty\Desktop\News\BBC NEWS   NEWS Disgraced University Professor Leaves_files)",".gif","picture","Picture","image/gif","{6FB2E74A-B8CB-40BB-93F3-FAC5F00FA203}","GIF_LRG","False","line_seealso.gif","1077936503","0","15/09/2019 21:05:22.8885278","0","file","FA7F83164D8FCDEE","eda0f2ba-fb47-4cd4-b875-e076904e8ed9","GIF image","2539"
"6A257D409F36C5BECE131BC4A1560CCD","26126312","o.gif","43","Archive (32)","21/08/2019 19:37:18.0000000","15/09/2019 21:05:20.3831331","15/09/2019 21:05:20.3831331","file:C:/Users/Professor Moriarty/Desktop/News/BBC NEWS   NEWS Disgraced University Professor Leaves_files/o.gif","BBC NEWS   NEWS Disgraced University Professor Leaves_files","DESKTOP-HL2LCVA","image/gif","21/08/2019 19:37:18.0000000","21/08/2019 19:37:18.0000000","21/08/2019 19:37:18.0000000",".gif","DESKTOP-HL2LCVA\Professor Moriarty","6","8","‪1 x 1‬","96","1","96","1","False","False","False","21/08/2019 19:37:18.0000000","C:\Users\Professor Moriarty\Desktop\News\BBC NEWS   NEWS Disgraced University Professor Leaves_files","BBC NEWS   NEWS Disgraced University Professor Leaves_files (C:\Users\Professor Moriarty\Desktop\News)","o.gif","o.gif","o","C:\Users\Professor Moriarty\Desktop\News\BBC NEWS   NEWS Disgraced University Professor Leaves_files\o.gif","o (C:\Users\Professor Moriarty\Desktop\News\BBC NEWS   NEWS Disgraced University Professor Leaves_files)",".gif","picture","Picture","image/gif","{6FB2E74A-B8CB-40BB-93F3-FAC5F00FA203}","GIF_LRG","False","o.gif","1077936503","0","15/09/2019 21:05:22.8351239","0,015625","file","362CFCE2AABD3FB2","eda0f2ba-fb47-4cd4-b875-e076904e8ed9","GIF image","2544"
"A3BA910FB1DB93AFD19D01AE1C4A022D","26126312","o_002.gif","43","Archive (32)","21/08/2019 19:37:18.0000000","15/09/2019 21:05:20.4209466","15/09/2019 21:05:20.4365963","file:C:/Users/Professor Moriarty/Desktop/News/BBC NEWS   NEWS Disgraced University Professor Leaves_files/o_002.gif","BBC NEWS   NEWS Disgraced University Professor Leaves_files","DESKTOP-HL2LCVA","image/gif","21/08/2019 19:37:18.0000000","21/08/2019 19:37:18.0000000","21/08/2019 19:37:18.0000000",".gif","DESKTOP-HL2LCVA\Professor Moriarty","6","8","‪1 x 1‬","96","1","96","1","False","False","False","21/08/2019 19:37:18.0000000","C:\Users\Professor Moriarty\Desktop\News\BBC NEWS   NEWS Disgraced University Professor Leaves_files","BBC NEWS   NEWS Disgraced University Professor Leaves_files (C:\Users\Professor Moriarty\Desktop\News)","o_002.gif","o_002.gif","o_002","C:\Users\Professor Moriarty\Desktop\News\BBC NEWS   NEWS Disgraced University Professor Leaves_files\o_002.gif","o_002 (C:\Users\Professor Moriarty\Desktop\News\BBC NEWS   NEWS Disgraced University Professor Leaves_files)",".gif","picture","Picture","image/gif","{6FB2E74A-B8CB-40BB-93F3-FAC5F00FA203}","GIF_LRG","False","o_002.gif","1077936503","0","15/09/2019 21:05:22.8194993","0","file","10F14A87EB1C33C5","eda0f2ba-fb47-4cd4-b875-e076904e8ed9","GIF image","2545"
"9BF338859B6D6E587DBA3143D24D4910","26126312","o_003.gif","43","Archive (32)","21/08/2019 19:37:18.0000000","15/09/2019 21:05:20.4678989","15/09/2019 21:05:20.4678989","file:C:/Users/Professor Moriarty/Desktop/News/BBC NEWS   NEWS Disgraced University Professor Leaves_files/o_003.gif","BBC NEWS   NEWS Disgraced University Professor Leaves_files","DESKTOP-HL2LCVA","image/gif","21/08/2019 19:37:18.0000000","21/08/2019 19:37:18.0000000","21/08/2019 19:37:18.0000000",".gif","DESKTOP-HL2LCVA\Professor Moriarty","6","8","‪1 x 1‬","96","1","96","1","False","False","False","21/08/2019 19:37:18.0000000","C:\Users\Professor Moriarty\Desktop\News\BBC NEWS   NEWS Disgraced University Professor Leaves_files","BBC NEWS   NEWS Disgraced University Professor Leaves_files (C:\Users\Professor Moriarty\Desktop\News)","o_003.gif","o_003.gif","o_003","C:\Users\Professor Moriarty\Desktop\News\BBC NEWS   NEWS Disgraced University Professor Leaves_files\o_003.gif","o_003 (C:\Users\Professor Moriarty\Desktop\News\BBC NEWS   NEWS Disgraced University Professor Leaves_files)",".gif","picture","Picture","image/gif","{6FB2E74A-B8CB-40BB-93F3-FAC5F00FA203}","GIF_LRG","False","o_003.gif","1077936503","0","15/09/2019 21:05:22.8194993","0,015625","file","5941E9492B84BB14","eda0f2ba-fb47-4cd4-b875-e076904e8ed9","GIF image","2546"
"2D7C054140097A416A73DB34FF26F37E","26126312","print.gif","72","Archive (32)","21/08/2019 19:37:16.0000000","15/09/2019 21:05:20.4990980","15/09/2019 21:05:20.5147286","file:C:/Users/Professor Moriarty/Desktop/News/BBC NEWS   NEWS Disgraced University Professor Leaves_files/print.gif","BBC NEWS   NEWS Disgraced University Professor Leaves_files","DESKTOP-HL2LCVA","image/gif","21/08/2019 19:37:16.0000000","21/08/2019 19:37:16.0000000","21/08/2019 19:37:16.0000000",".gif","DESKTOP-HL2LCVA\Professor Moriarty","6","8","‪17 x 11‬","96","17","96","11","False","False","False","21/08/2019 19:37:16.0000000","C:\Users\Professor Moriarty\Desktop\News\BBC NEWS   NEWS Disgraced University Professor Leaves_files","BBC NEWS   NEWS Disgraced University Professor Leaves_files (C:\Users\Professor Moriarty\Desktop\News)","print.gif","print.gif","print","C:\Users\Professor Moriarty\Desktop\News\BBC NEWS   NEWS Disgraced University Professor Leaves_files\print.gif","print (C:\Users\Professor Moriarty\Desktop\News\BBC NEWS   NEWS Disgraced University Professor Leaves_files)",".gif","picture","Picture","image/gif","{6FB2E74A-B8CB-40BB-93F3-FAC5F00FA203}","GIF_LRG","False","print.gif","1077936503","0","15/09/2019 21:05:22.8038778","0","file","345A43AD3D6E164E","eda0f2ba-fb47-4cd4-b875-e076904e8ed9","GIF image","2547"
"56186014064C8AE89C0B9448C7A48A81","26126312","search_button.gif","295","Archive (32)","21/08/2019 19:37:16.0000000","15/09/2019 21:05:20.5997151","15/09/2019 21:05:20.6150796","file:C:/Users/Professor Moriarty/Desktop/News/BBC NEWS   NEWS Disgraced University Professor Leaves_files/search_button.gif","BBC NEWS   NEWS Disgraced University Professor Leaves_files","DESKTOP-HL2LCVA","image/gif","21/08/2019 19:37:16.0000000","21/08/2019 19:37:16.0000000","21/08/2019 19:37:16.0000000",".gif","DESKTOP-HL2LCVA\Professor Moriarty","6","8","‪56 x 23‬","96","56","96","23","False","False","False","21/08/2019 19:37:16.0000000","C:\Users\Professor Moriarty\Desktop\News\BBC NEWS   NEWS Disgraced University Professor Leaves_files","BBC NEWS   NEWS Disgraced University Professor Leaves_files (C:\Users\Professor Moriarty\Desktop\News)","search_button.gif","search_button.gif","search_button","C:\Users\Professor Moriarty\Desktop\News\BBC NEWS   NEWS Disgraced University Professor Leaves_files\search_button.gif","search_button (C:\Users\Professor Moriarty\Desktop\News\BBC NEWS   NEWS Disgraced University Professor Leaves_files)",".gif","picture","Picture","image/gif","{6FB2E74A-B8CB-40BB-93F3-FAC5F00FA203}","GIF_LRG","False","search_button.gif","1077936503","0","15/09/2019 21:05:22.7882542","0","file","A0FCD529C85E9D02","eda0f2ba-fb47-4cd4-b875-e076904e8ed9","GIF image","2549"
"DE002534C0F37883B113FE86E0FEEFF5","26126312","services_gen.gif","1850","Archive (32)","21/08/2019 19:37:14.0000000","15/09/2019 21:05:20.6531170","15/09/2019 21:05:20.6844475","file:C:/Users/Professor Moriarty/Desktop/News/BBC NEWS   NEWS Disgraced University Professor Leaves_files/services_gen.gif","BBC NEWS   NEWS Disgraced University Professor Leaves_files","DESKTOP-HL2LCVA","image/gif","21/08/2019 19:37:14.0000000","21/08/2019 19:37:14.0000000","21/08/2019 19:37:14.0000000",".gif","DESKTOP-HL2LCVA\Professor Moriarty","6","8","‪50 x 50‬","96","50","96","50","False","False","False","21/08/2019 19:37:14.0000000","C:\Users\Professor Moriarty\Desktop\News\BBC NEWS   NEWS Disgraced University Professor Leaves_files","BBC NEWS   NEWS Disgraced University Professor Leaves_files (C:\Users\Professor Moriarty\Desktop\News)","services_gen.gif","services_gen.gif","services_gen","C:\Users\Professor Moriarty\Desktop\News\BBC NEWS   NEWS Disgraced University Professor Leaves_files\services_gen.gif","services_gen (C:\Users\Professor Moriarty\Desktop\News\BBC NEWS   NEWS Disgraced University Professor Leaves_files)",".gif","picture","Picture","image/gif","{6FB2E74A-B8CB-40BB-93F3-FAC5F00FA203}","GIF_LRG","False","services_gen.gif","1077936503","0","15/09/2019 21:05:22.7726230","0","file","8C3846F9F0459F02","eda0f2ba-fb47-4cd4-b875-e076904e8ed9","GIF image","2550"
"9343998FDDCB8A65B55DFB71423B4928","26126312","start_quote_rb.gif","180","Archive (32)","21/08/2019 19:37:14.0000000","15/09/2019 21:05:20.7219662","15/09/2019 21:05:20.7219662","file:C:/Users/Professor Moriarty/Desktop/News/BBC NEWS   NEWS Disgraced University Professor Leaves_files/start_quote_rb.gif","BBC NEWS   NEWS Disgraced University Professor Leaves_files","DESKTOP-HL2LCVA","image/gif","21/08/2019 19:37:14.0000000","21/08/2019 19:37:14.0000000","21/08/2019 19:37:14.0000000",".gif","DESKTOP-HL2LCVA\Professor Moriarty","6","8","‪24 x 13‬","96","24","96","13","False","False","False","21/08/2019 19:37:14.0000000","C:\Users\Professor Moriarty\Desktop\News\BBC NEWS   NEWS Disgraced University Professor Leaves_files","BBC NEWS   NEWS Disgraced University Professor Leaves_files (C:\Users\Professor Moriarty\Desktop\News)","start_quote_rb.gif","start_quote_rb.gif","start_quote_rb","C:\Users\Professor Moriarty\Desktop\News\BBC NEWS   NEWS Disgraced University Professor Leaves_files\start_quote_rb.gif","start_quote_rb (C:\Users\Professor Moriarty\Desktop\News\BBC NEWS   NEWS Disgraced University Professor Leaves_files)",".gif","picture","Picture","image/gif","{6FB2E74A-B8CB-40BB-93F3-FAC5F00FA203}","GIF_LRG","False","start_quote_rb.gif","1077936503","0","15/09/2019 21:05:22.7569851","0","file","A8EE08C2CAEE16B8","eda0f2ba-fb47-4cd4-b875-e076904e8ed9","GIF image","2551"
"5EF3A7C4B8A2060C8298D1E07230E177","26126312","toolbar_logo.gif","424","Archive (32)","21/08/2019 19:37:12.0000000","15/09/2019 21:05:20.8535569","15/09/2019 21:05:20.8535569","file:C:/Users/Professor Moriarty/Desktop/News/BBC NEWS   NEWS Disgraced University Professor Leaves_files/toolbar_logo.gif","BBC NEWS   NEWS Disgraced University Professor Leaves_files","DESKTOP-HL2LCVA","image/gif","21/08/2019 19:37:12.0000000","21/08/2019 19:37:12.0000000","21/08/2019 19:37:12.0000000",".gif","DESKTOP-HL2LCVA\Professor Moriarty","6","8","‪42 x 14‬","96","42","96","14","False","False","False","21/08/2019 19:37:12.0000000","C:\Users\Professor Moriarty\Desktop\News\BBC NEWS   NEWS Disgraced University Professor Leaves_files","BBC NEWS   NEWS Disgraced University Professor Leaves_files (C:\Users\Professor Moriarty\Desktop\News)","toolbar_logo.gif","toolbar_logo.gif","toolbar_logo","C:\Users\Professor Moriarty\Desktop\News\BBC NEWS   NEWS Disgraced University Professor Leaves_files\toolbar_logo.gif","toolbar_logo (C:\Users\Professor Moriarty\Desktop\News\BBC NEWS   NEWS Disgraced University Professor Leaves_files)",".gif","picture","Picture","image/gif","{6FB2E74A-B8CB-40BB-93F3-FAC5F00FA203}","GIF_LRG","False","toolbar_logo.gif","1077936503","0","15/09/2019 21:05:21.8707905","0,015625","file","4386E5A06ED5DFF1","eda0f2ba-fb47-4cd4-b875-e076904e8ed9","GIF image","2553"
"0B92E69E441C2DFFA7F2CA017EB4F9DF","26126312","v3_map_world_rb.gif","557","Archive (32)","21/08/2019 19:37:12.0000000","15/09/2019 21:05:20.9539607","15/09/2019 21:05:20.9695830","file:C:/Users/Professor Moriarty/Desktop/News/BBC NEWS   NEWS Disgraced University Professor Leaves_files/v3_map_world_rb.gif","BBC NEWS   NEWS Disgraced University Professor Leaves_files","DESKTOP-HL2LCVA","image/gif","21/08/2019 19:37:12.0000000","21/08/2019 19:37:12.0000000","21/08/2019 19:37:12.0000000",".gif","DESKTOP-HL2LCVA\Professor Moriarty","6","8","‪92 x 54‬","96","92","96","54","False","False","False","21/08/2019 19:37:12.0000000","C:\Users\Professor Moriarty\Desktop\News\BBC NEWS   NEWS Disgraced University Professor Leaves_files","BBC NEWS   NEWS Disgraced University Professor Leaves_files (C:\Users\Professor Moriarty\Desktop\News)","v3_map_world_rb.gif","v3_map_world_rb.gif","v3_map_world_rb","C:\Users\Professor Moriarty\Desktop\News\BBC NEWS   NEWS Disgraced University Professor Leaves_files\v3_map_world_rb.gif","v3_map_world_rb (C:\Users\Professor Moriarty\Desktop\News\BBC NEWS   NEWS Disgraced University Professor Leaves_files)",".gif","picture","Picture","image/gif","{6FB2E74A-B8CB-40BB-93F3-FAC5F00FA203}","GIF_LRG","False","v3_map_world_rb.gif","1077936503","0","15/09/2019 21:05:21.8551576","0","file","47D948855FCF89BA","eda0f2ba-fb47-4cd4-b875-e076904e8ed9","GIF image","2555"
"E8C0C4CC14749DB7E423DF98F6BF99E6","26126312","videonews.gif","237","Archive (32)","21/08/2019 19:37:10.0000000","15/09/2019 21:05:21.1019474","15/09/2019 21:05:21.1039384","file:C:/Users/Professor Moriarty/Desktop/News/BBC NEWS   NEWS Disgraced University Professor Leaves_files/videonews.gif","BBC NEWS   NEWS Disgraced University Professor Leaves_files","DESKTOP-HL2LCVA","image/gif","21/08/2019 19:37:10.0000000","21/08/2019 19:37:10.0000000","21/08/2019 19:37:10.0000000",".gif","DESKTOP-HL2LCVA\Professor Moriarty","6","8","‪60 x 13‬","96","60","96","13","False","False","False","21/08/2019 19:37:10.0000000","C:\Users\Professor Moriarty\Desktop\News\BBC NEWS   NEWS Disgraced University Professor Leaves_files","BBC NEWS   NEWS Disgraced University Professor Leaves_files (C:\Users\Professor Moriarty\Desktop\News)","videonews.gif","videonews.gif","videonews","C:\Users\Professor Moriarty\Desktop\News\BBC NEWS   NEWS Disgraced University Professor Leaves_files\videonews.gif","videonews (C:\Users\Professor Moriarty\Desktop\News\BBC NEWS   NEWS Disgraced University Professor Leaves_files)",".gif","picture","Picture","image/gif","{6FB2E74A-B8CB-40BB-93F3-FAC5F00FA203}","GIF_LRG","False","videonews.gif","1077936503","0","15/09/2019 21:05:21.8173803","0,015625","file","F1E33A743D913BAE","eda0f2ba-fb47-4cd4-b875-e076904e8ed9","GIF image","2557"
"94D76FA623CAFF057FC298F41E25C36F","26126312","video_text.gif","1325","Archive (32)","21/08/2019 19:37:10.0000000","15/09/2019 21:05:21.1226051","15/09/2019 21:05:21.1538769","file:C:/Users/Professor Moriarty/Desktop/News/BBC NEWS   NEWS Disgraced University Professor Leaves_files/video_text.gif","BBC NEWS   NEWS Disgraced University Professor Leaves_files","DESKTOP-HL2LCVA","image/gif","21/08/2019 19:37:10.0000000","21/08/2019 19:37:10.0000000","21/08/2019 19:37:10.0000000",".gif","DESKTOP-HL2LCVA\Professor Moriarty","6","8","‪57 x 13‬","96","57","96","13","False","False","False","21/08/2019 19:37:10.0000000","C:\Users\Professor Moriarty\Desktop\News\BBC NEWS   NEWS Disgraced University Professor Leaves_files","BBC NEWS   NEWS Disgraced University Professor Leaves_files (C:\Users\Professor Moriarty\Desktop\News)","video_text.gif","video_text.gif","video_text","C:\Users\Professor Moriarty\Desktop\News\BBC NEWS   NEWS Disgraced University Professor Leaves_files\video_text.gif","video_text (C:\Users\Professor Moriarty\Desktop\News\BBC NEWS   NEWS Disgraced University Professor Leaves_files)",".gif","picture","Picture","image/gif","{6FB2E74A-B8CB-40BB-93F3-FAC5F00FA203}","GIF_LRG","False","video_text.gif","1077936503","0","15/09/2019 21:05:21.8017575","0,015625","file","DB9B2B6E7F87A50E","eda0f2ba-fb47-4cd4-b875-e076904e8ed9","GIF image","2558"
"9BF338859B6D6E587DBA3143D24D4910","26126312","o_003.gif","43","Archive (32)","21/08/2019 19:38:12.0000000","15/09/2019 21:05:21.5702826","15/09/2019 21:05:21.5702826","file:C:/Users/Professor Moriarty/Desktop/News/BBC NEWS   UK   Joshua Reynolds Found Evicerated_files/o_003.gif","BBC NEWS   UK   Joshua Reynolds Found Evicerated_files","DESKTOP-HL2LCVA","image/gif","21/08/2019 19:38:12.0000000","21/08/2019 19:38:12.0000000","21/08/2019 19:38:12.0000000",".gif","DESKTOP-HL2LCVA\Professor Moriarty","6","8","‪1 x 1‬","96","1","96","1","False","False","False","21/08/2019 19:38:12.0000000","C:\Users\Professor Moriarty\Desktop\News\BBC NEWS   UK   Joshua Reynolds Found Evicerated_files","BBC NEWS   UK   Joshua Reynolds Found Evicerated_files (C:\Users\Professor Moriarty\Desktop\News)","o_003.gif","o_003.gif","o_003","C:\Users\Professor Moriarty\Desktop\News\BBC NEWS   UK   Joshua Reynolds Found Evicerated_files\o_003.gif","o_003 (C:\Users\Professor Moriarty\Desktop\News\BBC NEWS   UK   Joshua Reynolds Found Evicerated_files)",".gif","picture","Picture","image/gif","{6FB2E74A-B8CB-40BB-93F3-FAC5F00FA203}","GIF_LRG","False","o_003.gif","1077936503","0","15/09/2019 21:05:21.7220624","0","file","9B39D44D0C38CAA5","eda0f2ba-fb47-4cd4-b875-e076904e8ed9","GIF image","2561"
"3F35C0051D7E0C044C033218E150F29B","26126312","o_004.gif","43","Archive (32)","21/08/2019 19:38:12.0000000","15/09/2019 21:05:21.6015320","15/09/2019 21:05:21.6015320","file:C:/Users/Professor Moriarty/Desktop/News/BBC NEWS   UK   Joshua Reynolds Found Evicerated_files/o_004.gif","BBC NEWS   UK   Joshua Reynolds Found Evicerated_files","DESKTOP-HL2LCVA","image/gif","21/08/2019 19:38:12.0000000","21/08/2019 19:38:12.0000000","21/08/2019 19:38:12.0000000",".gif","DESKTOP-HL2LCVA\Professor Moriarty","6","8","‪1 x 1‬","96","1","96","1","False","False","False","21/08/2019 19:38:12.0000000","C:\Users\Professor Moriarty\Desktop\News\BBC NEWS   UK   Joshua Reynolds Found Evicerated_files","BBC NEWS   UK   Joshua Reynolds Found Evicerated_files (C:\Users\Professor Moriarty\Desktop\News)","o_004.gif","o_004.gif","o_004","C:\Users\Professor Moriarty\Desktop\News\BBC NEWS   UK   Joshua Reynolds Found Evicerated_files\o_004.gif","o_004 (C:\Users\Professor Moriarty\Desktop\News\BBC NEWS   UK   Joshua Reynolds Found Evicerated_files)",".gif","picture","Picture","image/gif","{6FB2E74A-B8CB-40BB-93F3-FAC5F00FA203}","GIF_LRG","False","o_004.gif","1077936503","0","15/09/2019 21:05:21.7064354","0","file","F18C1CEA7DB3E034","eda0f2ba-fb47-4cd4-b875-e076904e8ed9","GIF image","2562"
"2D7C054140097A416A73DB34FF26F37E","26126312","print.gif","72","Archive (32)","21/08/2019 19:38:10.0000000","15/09/2019 21:05:21.6595548","15/09/2019 21:05:21.6908474","file:C:/Users/Professor Moriarty/Desktop/News/BBC NEWS   UK   Joshua Reynolds Found Evicerated_files/print.gif","BBC NEWS   UK   Joshua Reynolds Found Evicerated_files","DESKTOP-HL2LCVA","image/gif","21/08/2019 19:38:10.0000000","21/08/2019 19:38:10.0000000","21/08/2019 19:38:10.0000000",".gif","DESKTOP-HL2LCVA\Professor Moriarty","6","8","‪17 x 11‬","96","17","96","11","False","False","False","21/08/2019 19:38:10.0000000","C:\Users\Professor Moriarty\Desktop\News\BBC NEWS   UK   Joshua Reynolds Found Evicerated_files","BBC NEWS   UK   Joshua Reynolds Found Evicerated_files (C:\Users\Professor Moriarty\Desktop\News)","print.gif","print.gif","print","C:\Users\Professor Moriarty\Desktop\News\BBC NEWS   UK   Joshua Reynolds Found Evicerated_files\print.gif","print (C:\Users\Professor Moriarty\Desktop\News\BBC NEWS   UK   Joshua Reynolds Found Evicerated_files)",".gif","picture","Picture","image/gif","{6FB2E74A-B8CB-40BB-93F3-FAC5F00FA203}","GIF_LRG","False","print.gif","1077936503","0","15/09/2019 21:05:29.6865203","0","file","69704021DB690319","eda0f2ba-fb47-4cd4-b875-e076904e8ed9","GIF image","2563"
"56186014064C8AE89C0B9448C7A48A81","26126312","search_button.gif","295","Archive (32)","21/08/2019 19:38:10.0000000","15/09/2019 21:05:23.5587880","15/09/2019 21:05:23.5744332","file:C:/Users/Professor Moriarty/Desktop/News/BBC NEWS   UK   Joshua Reynolds Found Evicerated_files/search_button.gif","BBC NEWS   UK   Joshua Reynolds Found Evicerated_files","DESKTOP-HL2LCVA","image/gif","21/08/2019 19:38:10.0000000","21/08/2019 19:38:10.0000000","21/08/2019 19:38:10.0000000",".gif","DESKTOP-HL2LCVA\Professor Moriarty","6","8","‪56 x 23‬","96","56","96","23","False","False","False","21/08/2019 19:38:10.0000000","C:\Users\Professor Moriarty\Desktop\News\BBC NEWS   UK   Joshua Reynolds Found Evicerated_files","BBC NEWS   UK   Joshua Reynolds Found Evicerated_files (C:\Users\Professor Moriarty\Desktop\News)","search_button.gif","search_button.gif","search_button","C:\Users\Professor Moriarty\Desktop\News\BBC NEWS   UK   Joshua Reynolds Found Evicerated_files\search_button.gif","search_button (C:\Users\Professor Moriarty\Desktop\News\BBC NEWS   UK   Joshua Reynolds Found Evicerated_files)",".gif","picture","Picture","image/gif","{6FB2E74A-B8CB-40BB-93F3-FAC5F00FA203}","GIF_LRG","False","search_button.gif","1077936503","0","15/09/2019 21:05:24.5085396","0,015625","file","1FB54BCA2612C027","eda0f2ba-fb47-4cd4-b875-e076904e8ed9","GIF image","2565"
"DE002534C0F37883B113FE86E0FEEFF5","26126312","services_gen.gif","1850","Archive (32)","21/08/2019 19:38:08.0000000","15/09/2019 21:05:23.6056800","15/09/2019 21:05:23.6525513","file:C:/Users/Professor Moriarty/Desktop/News/BBC NEWS   UK   Joshua Reynolds Found Evicerated_files/services_gen.gif","BBC NEWS   UK   Joshua Reynolds Found Evicerated_files","DESKTOP-HL2LCVA","image/gif","21/08/2019 19:38:08.0000000","21/08/2019 19:38:08.0000000","21/08/2019 19:38:08.0000000",".gif","DESKTOP-HL2LCVA\Professor Moriarty","6","8","‪50 x 50‬","96","50","96","50","False","False","False","21/08/2019 19:38:08.0000000","C:\Users\Professor Moriarty\Desktop\News\BBC NEWS   UK   Joshua Reynolds Found Evicerated_files","BBC NEWS   UK   Joshua Reynolds Found Evicerated_files (C:\Users\Professor Moriarty\Desktop\News)","services_gen.gif","services_gen.gif","services_gen","C:\Users\Professor Moriarty\Desktop\News\BBC NEWS   UK   Joshua Reynolds Found Evicerated_files\services_gen.gif","services_gen (C:\Users\Professor Moriarty\Desktop\News\BBC NEWS   UK   Joshua Reynolds Found Evicerated_files)",".gif","picture","Picture","image/gif","{6FB2E74A-B8CB-40BB-93F3-FAC5F00FA203}","GIF_LRG","False","services_gen.gif","1077936503","0","15/09/2019 21:05:24.4929255","0","file","BB4256B2FC3645E3","eda0f2ba-fb47-4cd4-b875-e076904e8ed9","GIF image","2566"
"9343998FDDCB8A65B55DFB71423B4928","26126312","start_quote_rb.gif","180","Archive (32)","21/08/2019 19:38:08.0000000","15/09/2019 21:05:23.7215812","15/09/2019 21:05:23.7215812","file:C:/Users/Professor Moriarty/Desktop/News/BBC NEWS   UK   Joshua Reynolds Found Evicerated_files/start_quote_rb.gif","BBC NEWS   UK   Joshua Reynolds Found Evicerated_files","DESKTOP-HL2LCVA","image/gif","21/08/2019 19:38:08.0000000","21/08/2019 19:38:08.0000000","21/08/2019 19:38:08.0000000",".gif","DESKTOP-HL2LCVA\Professor Moriarty","6","8","‪24 x 13‬","96","24","96","13","False","False","False","21/08/2019 19:38:08.0000000","C:\Users\Professor Moriarty\Desktop\News\BBC NEWS   UK   Joshua Reynolds Found Evicerated_files","BBC NEWS   UK   Joshua Reynolds Found Evicerated_files (C:\Users\Professor Moriarty\Desktop\News)","start_quote_rb.gif","start_quote_rb.gif","start_quote_rb","C:\Users\Professor Moriarty\Desktop\News\BBC NEWS   UK   Joshua Reynolds Found Evicerated_files\start_quote_rb.gif","start_quote_rb (C:\Users\Professor Moriarty\Desktop\News\BBC NEWS   UK   Joshua Reynolds Found Evicerated_files)",".gif","picture","Picture","image/gif","{6FB2E74A-B8CB-40BB-93F3-FAC5F00FA203}","GIF_LRG","False","start_quote_rb.gif","1077936503","0","15/09/2019 21:05:24.4772847","0,03125","file","4FB778AB419149E2","eda0f2ba-fb47-4cd4-b875-e076904e8ed9","GIF image","2567"
"5EF3A7C4B8A2060C8298D1E07230E177","26126312","toolbar_logo.gif","424","Archive (32)","21/08/2019 19:38:06.0000000","15/09/2019 21:05:24.5397838","15/09/2019 21:05:24.5397838","file:C:/Users/Professor Moriarty/Desktop/News/BBC NEWS   UK   Joshua Reynolds Found Evicerated_files/toolbar_logo.gif","BBC NEWS   UK   Joshua Reynolds Found Evicerated_files","DESKTOP-HL2LCVA","image/gif","21/08/2019 19:38:06.0000000","21/08/2019 19:38:06.0000000","21/08/2019 19:38:06.0000000",".gif","DESKTOP-HL2LCVA\Professor Moriarty","6","8","‪42 x 14‬","96","42","96","14","False","False","False","21/08/2019 19:38:06.0000000","C:\Users\Professor Moriarty\Desktop\News\BBC NEWS   UK   Joshua Reynolds Found Evicerated_files","BBC NEWS   UK   Joshua Reynolds Found Evicerated_files (C:\Users\Professor Moriarty\Desktop\News)","toolbar_logo.gif","toolbar_logo.gif","toolbar_logo","C:\Users\Professor Moriarty\Desktop\News\BBC NEWS   UK   Joshua Reynolds Found Evicerated_files\toolbar_logo.gif","toolbar_logo (C:\Users\Professor Moriarty\Desktop\News\BBC NEWS   UK   Joshua Reynolds Found Evicerated_files)",".gif","picture","Picture","image/gif","{6FB2E74A-B8CB-40BB-93F3-FAC5F00FA203}","GIF_LRG","False","toolbar_logo.gif","1077936503","0","15/09/2019 21:05:25.4115849","0","file","2EA3BA128EBAF090","eda0f2ba-fb47-4cd4-b875-e076904e8ed9","GIF image","2569"
"0C1725E430CAAF2295907268E81794D3","26126312","v3_map_europe_rb.gif","592","Archive (32)","21/08/2019 19:38:04.0000000","15/09/2019 21:05:24.6933119","15/09/2019 21:05:24.6933119","file:C:/Users/Professor Moriarty/Desktop/News/BBC NEWS   UK   Joshua Reynolds Found Evicerated_files/v3_map_europe_rb.gif","BBC NEWS   UK   Joshua Reynolds Found Evicerated_files","DESKTOP-HL2LCVA","image/gif","21/08/2019 19:38:04.0000000","21/08/2019 19:38:04.0000000","21/08/2019 19:38:04.0000000",".gif","DESKTOP-HL2LCVA\Professor Moriarty","6","8","‪92 x 54‬","96","92","96","54","False","False","False","21/08/2019 19:38:04.0000000","C:\Users\Professor Moriarty\Desktop\News\BBC NEWS   UK   Joshua Reynolds Found Evicerated_files","BBC NEWS   UK   Joshua Reynolds Found Evicerated_files (C:\Users\Professor Moriarty\Desktop\News)","v3_map_europe_rb.gif","v3_map_europe_rb.gif","v3_map_europe_rb","C:\Users\Professor Moriarty\Desktop\News\BBC NEWS   UK   Joshua Reynolds Found Evicerated_files\v3_map_europe_rb.gif","v3_map_europe_rb (C:\Users\Professor Moriarty\Desktop\News\BBC NEWS   UK   Joshua Reynolds Found Evicerated_files)",".gif","picture","Picture","image/gif","{6FB2E74A-B8CB-40BB-93F3-FAC5F00FA203}","GIF_LRG","False","v3_map_europe_rb.gif","1077936503","0","15/09/2019 21:05:25.3959223","0,015625","file","D2D0A0135532C739","eda0f2ba-fb47-4cd4-b875-e076904e8ed9","GIF image","2571"
"94D76FA623CAFF057FC298F41E25C36F","26126312","video_text.gif","1325","Archive (32)","21/08/2019 19:38:04.0000000","15/09/2019 21:05:24.8092110","15/09/2019 21:05:24.8250807","file:C:/Users/Professor Moriarty/Desktop/News/BBC NEWS   UK   Joshua Reynolds Found Evicerated_files/video_text.gif","BBC NEWS   UK   Joshua Reynolds Found Evicerated_files","DESKTOP-HL2LCVA","image/gif","21/08/2019 19:38:04.0000000","21/08/2019 19:38:04.0000000","21/08/2019 19:38:04.0000000",".gif","DESKTOP-HL2LCVA\Professor Moriarty","6","8","‪57 x 13‬","96","57","96","13","False","False","False","21/08/2019 19:38:04.0000000","C:\Users\Professor Moriarty\Desktop\News\BBC NEWS   UK   Joshua Reynolds Found Evicerated_files","BBC NEWS   UK   Joshua Reynolds Found Evicerated_files (C:\Users\Professor Moriarty\Desktop\News)","video_text.gif","video_text.gif","video_text","C:\Users\Professor Moriarty\Desktop\News\BBC NEWS   UK   Joshua Reynolds Found Evicerated_files\video_text.gif","video_text (C:\Users\Professor Moriarty\Desktop\News\BBC NEWS   UK   Joshua Reynolds Found Evicerated_files)",".gif","picture","Picture","image/gif","{6FB2E74A-B8CB-40BB-93F3-FAC5F00FA203}","GIF_LRG","False","video_text.gif","1077936503","0","15/09/2019 21:05:25.3646556","0","file","A16F4E253C9D4B03","eda0f2ba-fb47-4cd4-b875-e076904e8ed9","GIF image","2573"
"1176F780E3EC348B3DE9E866821EB546","26126312","video_text_002.gif","1325","Archive (32)","21/08/2019 19:38:02.0000000","15/09/2019 21:05:24.8939040","15/09/2019 21:05:24.8939040","file:C:/Users/Professor Moriarty/Desktop/News/BBC NEWS   UK   Joshua Reynolds Found Evicerated_files/video_text_002.gif","BBC NEWS   UK   Joshua Reynolds Found Evicerated_files","DESKTOP-HL2LCVA","image/gif","21/08/2019 19:38:02.0000000","21/08/2019 19:38:02.0000000","21/08/2019 19:38:02.0000000",".gif","DESKTOP-HL2LCVA\Professor Moriarty","6","8","‪57 x 13‬","96","57","96","13","False","False","False","21/08/2019 19:38:02.0000000","C:\Users\Professor Moriarty\Desktop\News\BBC NEWS   UK   Joshua Reynolds Found Evicerated_files","BBC NEWS   UK   Joshua Reynolds Found Evicerated_files (C:\Users\Professor Moriarty\Desktop\News)","video_text_002.gif","video_text_002.gif","video_text_002","C:\Users\Professor Moriarty\Desktop\News\BBC NEWS   UK   Joshua Reynolds Found Evicerated_files\video_text_002.gif","video_text_002 (C:\Users\Professor Moriarty\Desktop\News\BBC NEWS   UK   Joshua Reynolds Found Evicerated_files)",".gif","picture","Picture","image/gif","{6FB2E74A-B8CB-40BB-93F3-FAC5F00FA203}","GIF_LRG","False","video_text_002.gif","1077936503","0","15/09/2019 21:05:25.3580981","0","file","D8C769759F7D1DEB","eda0f2ba-fb47-4cd4-b875-e076904e8ed9","GIF image","2574"
"5D445DDFB70FCF8380AB69172F95E20E","26126312","_42488839_co2_emissons1_gra203.gif","7773","Archive (32)","21/08/2019 19:38:02.0000000","15/09/2019 21:05:24.9410920","15/09/2019 21:05:24.9786939","file:C:/Users/Professor Moriarty/Desktop/News/BBC NEWS   UK   Joshua Reynolds Found Evicerated_files/_42488839_co2_emissons1_gra203.gif","BBC NEWS   UK   Joshua Reynolds Found Evicerated_files","DESKTOP-HL2LCVA","image/gif","21/08/2019 19:38:02.0000000","21/08/2019 19:38:02.0000000","21/08/2019 19:38:02.0000000",".gif","DESKTOP-HL2LCVA\Professor Moriarty","6","8","‪203 x 243‬","96","203","96","243","False","False","False","21/08/2019 19:38:02.0000000","C:\Users\Professor Moriarty\Desktop\News\BBC NEWS   UK   Joshua Reynolds Found Evicerated_files","BBC NEWS   UK   Joshua Reynolds Found Evicerated_files (C:\Users\Professor Moriarty\Desktop\News)","_42488839_co2_emissons1_gra203.gif","_42488839_co2_emissons1_gra203.gif","_42488839_co2_emissons1_gra203","C:\Users\Professor Moriarty\Desktop\News\BBC NEWS   UK   Joshua Reynolds Found Evicerated_files\_42488839_co2_emissons1_gra203.gif","_42488839_co2_emissons1_gra203 (C:\Users\Professor Moriarty\Desktop\News\BBC NEWS   UK   Joshua Reynolds Found Evicerated_files)",".gif","picture","Picture","image/gif","{6FB2E74A-B8CB-40BB-93F3-FAC5F00FA203}","GIF_LRG","False","_42488839_co2_emissons1_gra203.gif","1077936503","0","15/09/2019 21:05:25.3424799","0","file","0A00B692E46FE9C4","eda0f2ba-fb47-4cd4-b875-e076904e8ed9","GIF image","2575"
