0F-InvertedOnlyMD5,0-InvertedOnlyPids,11-System_FileName,13F-System_Size,14F-System_FileAttributes,15F-System_DateModified,16F-System_DateCreated,17F-System_DateAccessed,33-System_ItemUrl,3-System_ItemFolderNameDisplay,4147-System_Audio_ChannelCount,4148-System_Audio_EncodingBitrate,4149-System_Audio_Format,4151-System_Audio_SampleRate,4152-System_Audio_SampleSize,4182-System_ComputerName,4351-System_ContentType,4357-System_DRM_IsProtected,4359-System_DateAcquired,4363-System_DateImported,4369-System_Document_DateCreated,4371-System_Document_DateSaved,4390-System_FileExtension,4394-System_FileOwner,4395-System_FilePlaceholderStatus,4427-System_IsAttachment,4429-System_IsEncrypted,4432-System_IsFolder,4436-System_ItemDate,4438-System_ItemFolderPathDisplay,4439-System_ItemFolderPathDisplayNarrow,4440-System_ItemName,4441-System_ItemNameDisplay,4442-System_ItemNameDisplayWithoutExtension,4445-System_ItemPathDisplay,4446-System_ItemPathDisplayNarrow,4448-System_ItemType,4454-System_Kind,4455-System_KindText,4470-System_MIMEType,4481-System_Media_DateEncoded,4483-System_Media_DlnaProfileID,4484-System_Media_Duration,4557-System_NotUserContent,4563-System_ParsingName,4621-System_SFGAOFlags,4622-System_Search_AccessCount,4629F-System_Search_GatherTime,4631-System_Search_LastIndexedTotalTime,4635-System_Search_Store,4676-System_ThumbnailCacheId,4685-System_Video_Compression,4687-System_Video_EncodingBitrate,4688-System_Video_FourCC,4689-System_Video_FrameHeight,4690-System_Video_FrameRate,4691-System_Video_FrameWidth,4692-System_Video_HorizontalAspectRatio,4693-System_Video_IsSpherical,4694-System_Video_IsStereo,4695-System_Video_Orientation,4698-System_Video_TotalBitrate,4699-System_Video_VerticalAspectRatio,4700-System_VolumeId,5-System_ItemTypeText,WorkID
"A5BB89A326B47DEA058EB52A5F565E72","261263121813","01_1.1_Introduction_to_Logic_3_min.mp4","2581371","ReadOnly, Archive, Sparse_File (545)","30/09/2019 04:53:42.4424754","30/09/2019 04:45:05.6186647","30/09/2019 04:53:45.8671460","file:C:/Users/Professor Moriarty/Downloads/intrologic-006/01_Lesson_1_-_Introduction/01_1.1_Introduction_to_Logic_3_min.mp4","01_Lesson_1_-_Introduction","1","76024","{00001610-0000-0010-8000-00AA00389B71}","44100","16","DESKTOP-HL2LCVA","video/mp4","False","01/01/1970 00:00:00.0000000","30/09/2019 04:45:06.0000000","30/09/2019 04:45:06.0000000","30/09/2019 04:53:42.4424754",".mp4","DESKTOP-HL2LCVA\Professor Moriarty","6","False","False","False","01/01/1970 00:00:00.0000000","C:\Users\Professor Moriarty\Downloads\intrologic-006\01_Lesson_1_-_Introduction","01_Lesson_1_-_Introduction (C:\Users\Professor Moriarty\Downloads\intrologic-006)","01_1.1_Introduction_to_Logic_3_min.mp4","01_1.1_Introduction_to_Logic_3_min.mp4","01_1.1_Introduction_to_Logic_3_min","C:\Users\Professor Moriarty\Downloads\intrologic-006\01_Lesson_1_-_Introduction\01_1.1_Introduction_to_Logic_3_min.mp4","01_1.1_Introduction_to_Logic_3_min (C:\Users\Professor Moriarty\Downloads\intrologic-006\01_Lesson_1_-_Introduction)",".mp4","video","Video","video/mp4","01/01/1970 00:00:00.0000000","AVC_MP4_HP_HD_AAC","00:00:02:48 (1682690000)","False","01_1.1_Introduction_to_Logic_3_min.mp4","1077936503","0","30/09/2019 04:55:03.9794201","0","file","79BE72520964A8B1","{34363248-0000-0010-8000-00AA00389B71}","38280","875967048","540","29970","960","1","False","False","0","114304","1","eda0f2ba-fb47-4cd4-b875-e076904e8ed9","MP4 Video","4431"
"7305F0D3767805AD6207983753C16CDF","261263121813","02_1.2_Elements_of_Logic_10_min.mp4","7618682","ReadOnly, Archive, Sparse_File (545)","30/09/2019 04:54:33.2165405","30/09/2019 04:45:07.9157915","30/09/2019 04:54:37.9261494","file:C:/Users/Professor Moriarty/Downloads/intrologic-006/01_Lesson_1_-_Introduction/02_1.2_Elements_of_Logic_10_min.mp4","01_Lesson_1_-_Introduction","1","82504","{00001610-0000-0010-8000-00AA00389B71}","48000","16","DESKTOP-HL2LCVA","video/mp4","False","01/01/1970 00:00:00.0000000","30/09/2019 04:45:08.0000000","30/09/2019 04:45:08.0000000","30/09/2019 04:54:33.2165405",".mp4","DESKTOP-HL2LCVA\Professor Moriarty","6","False","False","False","01/01/1970 00:00:00.0000000","C:\Users\Professor Moriarty\Downloads\intrologic-006\01_Lesson_1_-_Introduction","01_Lesson_1_-_Introduction (C:\Users\Professor Moriarty\Downloads\intrologic-006)","02_1.2_Elements_of_Logic_10_min.mp4","02_1.2_Elements_of_Logic_10_min.mp4","02_1.2_Elements_of_Logic_10_min","C:\Users\Professor Moriarty\Downloads\intrologic-006\01_Lesson_1_-_Introduction\02_1.2_Elements_of_Logic_10_min.mp4","02_1.2_Elements_of_Logic_10_min (C:\Users\Professor Moriarty\Downloads\intrologic-006\01_Lesson_1_-_Introduction)",".mp4","video","Video","video/mp4","01/01/1970 00:00:00.0000000","AVC_MP4_HP_HD_AAC","00:00:09:38 (5787200000)","False","02_1.2_Elements_of_Logic_10_min.mp4","1077936503","0","30/09/2019 04:55:02.1723279","0","file","B87042D08197CDC5","{34363248-0000-0010-8000-00AA00389B71}","16544","875967048","540","25000","960","1","False","False","0","99048","1","eda0f2ba-fb47-4cd4-b875-e076904e8ed9","MP4 Video","4432"
"11BA896B5B52A4795FBBDF87A7A2332A","261263121813","04_1.4_Automation_5_min.mp4","3743759","ReadOnly, Archive, Sparse_File (545)","30/09/2019 04:50:40.4826536","30/09/2019 04:45:19.7343201","30/09/2019 04:50:43.4868203","file:C:/Users/Professor Moriarty/Downloads/intrologic-006/01_Lesson_1_-_Introduction/04_1.4_Automation_5_min.mp4","01_Lesson_1_-_Introduction","1","81224","{00001610-0000-0010-8000-00AA00389B71}","48000","16","DESKTOP-HL2LCVA","video/mp4","False","01/01/1970 00:00:00.0000000","30/09/2019 04:45:20.0000000","30/09/2019 04:45:20.0000000","30/09/2019 04:50:40.4826536",".mp4","DESKTOP-HL2LCVA\Professor Moriarty","6","False","False","False","01/01/1970 00:00:00.0000000","C:\Users\Professor Moriarty\Downloads\intrologic-006\01_Lesson_1_-_Introduction","01_Lesson_1_-_Introduction (C:\Users\Professor Moriarty\Downloads\intrologic-006)","04_1.4_Automation_5_min.mp4","04_1.4_Automation_5_min.mp4","04_1.4_Automation_5_min","C:\Users\Professor Moriarty\Downloads\intrologic-006\01_Lesson_1_-_Introduction\04_1.4_Automation_5_min.mp4","04_1.4_Automation_5_min (C:\Users\Professor Moriarty\Downloads\intrologic-006\01_Lesson_1_-_Introduction)",".mp4","video","Video","video/mp4","01/01/1970 00:00:00.0000000","AVC_MP4_HP_HD_AAC","00:00:04:38 (2789600000)","False","04_1.4_Automation_5_min.mp4","1077936503","0","30/09/2019 04:55:03.9494044","0","file","7A566B7F407BC0DF","{34363248-0000-0010-8000-00AA00389B71}","19880","875967048","540","25000","960","1","False","False","0","101104","1","eda0f2ba-fb47-4cd4-b875-e076904e8ed9","MP4 Video","4441"
"514A29DE7E1FD56958649CACFA855E7B","261263121813","03_1.3_Formalization_9_min.mp4","7383700","ReadOnly, Archive, Sparse_File (545)","30/09/2019 04:54:51.7141812","30/09/2019 04:45:12.8952598","30/09/2019 04:54:55.2712504","file:C:/Users/Professor Moriarty/Downloads/intrologic-006/01_Lesson_1_-_Introduction/03_1.3_Formalization_9_min.mp4","01_Lesson_1_-_Introduction","1","75320","{00001610-0000-0010-8000-00AA00389B71}","44100","16","DESKTOP-HL2LCVA","video/mp4","False","01/01/1970 00:00:00.0000000","30/09/2019 04:45:14.0000000","30/09/2019 04:45:14.0000000","30/09/2019 04:54:51.7141812",".mp4","DESKTOP-HL2LCVA\Professor Moriarty","6","False","False","False","01/01/1970 00:00:00.0000000","C:\Users\Professor Moriarty\Downloads\intrologic-006\01_Lesson_1_-_Introduction","01_Lesson_1_-_Introduction (C:\Users\Professor Moriarty\Downloads\intrologic-006)","03_1.3_Formalization_9_min.mp4","03_1.3_Formalization_9_min.mp4","03_1.3_Formalization_9_min","C:\Users\Professor Moriarty\Downloads\intrologic-006\01_Lesson_1_-_Introduction\03_1.3_Formalization_9_min.mp4","03_1.3_Formalization_9_min (C:\Users\Professor Moriarty\Downloads\intrologic-006\01_Lesson_1_-_Introduction)",".mp4","video","Video","video/mp4","01/01/1970 00:00:00.0000000","AVC_MP4_HP_HD_AAC","00:00:08:43 (5232160000)","False","03_1.3_Formalization_9_min.mp4","1077936503","0","30/09/2019 04:55:03.9295054","0,015625","file","853ECE86E9A8BA17","{34363248-0000-0010-8000-00AA00389B71}","28920","875967048","540","29970","960","1","False","False","0","104240","1","eda0f2ba-fb47-4cd4-b875-e076904e8ed9","MP4 Video","4442"
"0B201A232FF09A690CFE47D263708735","261263121813","01_2.1_Propositional_Logic_1_min.mp4","1004894","ReadOnly, Archive, Sparse_File (545)","30/09/2019 04:45:38.2157003","30/09/2019 04:45:30.4708877","30/09/2019 04:49:01.7947165","file:C:/Users/Professor Moriarty/Downloads/intrologic-006/02_Lesson_2_-_Propositional_Logic/01_2.1_Propositional_Logic_1_min.mp4","02_Lesson_2_-_Propositional_Logic","1","78296","{00001610-0000-0010-8000-00AA00389B71}","48000","16","DESKTOP-HL2LCVA","video/mp4","False","01/01/1970 00:00:00.0000000","30/09/2019 04:45:32.0000000","30/09/2019 04:45:32.0000000","30/09/2019 04:45:38.2157003",".mp4","DESKTOP-HL2LCVA\Professor Moriarty","6","False","False","False","01/01/1970 00:00:00.0000000","C:\Users\Professor Moriarty\Downloads\intrologic-006\02_Lesson_2_-_Propositional_Logic","02_Lesson_2_-_Propositional_Logic (C:\Users\Professor Moriarty\Downloads\intrologic-006)","01_2.1_Propositional_Logic_1_min.mp4","01_2.1_Propositional_Logic_1_min.mp4","01_2.1_Propositional_Logic_1_min","C:\Users\Professor Moriarty\Downloads\intrologic-006\02_Lesson_2_-_Propositional_Logic\01_2.1_Propositional_Logic_1_min.mp4","01_2.1_Propositional_Logic_1_min (C:\Users\Professor Moriarty\Downloads\intrologic-006\02_Lesson_2_-_Propositional_Logic)",".mp4","video","Video","video/mp4","01/01/1970 00:00:00.0000000","AVC_MP4_HP_HD_AAC","00:00:01:26 (862080000)","False","01_2.1_Propositional_Logic_1_min.mp4","1077936503","0","30/09/2019 04:55:03.8997581","0","file","46418C5A2B928155","{34363248-0000-0010-8000-00AA00389B71}","8848","875967048","540","25000","960","1","False","False","0","87144","1","eda0f2ba-fb47-4cd4-b875-e076904e8ed9","MP4 Video","4446"
"0B757A29297A6BE4B9099020CF3184D1","261263121813","04_2.4_Satisfaction_3_min.mp4","2761376","ReadOnly, Archive, Sparse_File (545)","30/09/2019 04:50:08.5374840","30/09/2019 04:45:50.8307205","30/09/2019 04:50:09.0839869","file:C:/Users/Professor Moriarty/Downloads/intrologic-006/02_Lesson_2_-_Propositional_Logic/04_2.4_Satisfaction_3_min.mp4","02_Lesson_2_-_Propositional_Logic","1","74384","{00001610-0000-0010-8000-00AA00389B71}","44100","16","DESKTOP-HL2LCVA","video/mp4","False","01/01/1970 00:00:00.0000000","30/09/2019 04:45:52.0000000","30/09/2019 04:45:52.0000000","30/09/2019 04:50:08.5374840",".mp4","DESKTOP-HL2LCVA\Professor Moriarty","6","False","False","False","01/01/1970 00:00:00.0000000","C:\Users\Professor Moriarty\Downloads\intrologic-006\02_Lesson_2_-_Propositional_Logic","02_Lesson_2_-_Propositional_Logic (C:\Users\Professor Moriarty\Downloads\intrologic-006)","04_2.4_Satisfaction_3_min.mp4","04_2.4_Satisfaction_3_min.mp4","04_2.4_Satisfaction_3_min","C:\Users\Professor Moriarty\Downloads\intrologic-006\02_Lesson_2_-_Propositional_Logic\04_2.4_Satisfaction_3_min.mp4","04_2.4_Satisfaction_3_min (C:\Users\Professor Moriarty\Downloads\intrologic-006\02_Lesson_2_-_Propositional_Logic)",".mp4","video","Video","video/mp4","01/01/1970 00:00:00.0000000","AVC_MP4_HP_HD_AAC","00:00:03:33 (2131600000)","False","04_2.4_Satisfaction_3_min.mp4","1077936503","0","30/09/2019 04:55:03.8893919","0","file","921FE96F5F0E8594","{34363248-0000-0010-8000-00AA00389B71}","20576","875967048","540","29970","960","1","False","False","0","94960","1","eda0f2ba-fb47-4cd4-b875-e076904e8ed9","MP4 Video","4456"
"AE4A3F76E5E0287E841E9B618829B8E9","261263121813","01_3.1_Properties_of_Sentences_3_min.mp4","2129325","ReadOnly, Archive, Sparse_File (545)","30/09/2019 04:52:52.2251026","30/09/2019 04:45:57.6007172","30/09/2019 04:52:53.3544096","file:C:/Users/Professor Moriarty/Downloads/intrologic-006/03_Lesson_3_-_Properties_and_Entailment/01_3.1_Properties_of_Sentences_3_min.mp4","03_Lesson_3_-_Properties_and_Entailment","1","80144","{00001610-0000-0010-8000-00AA00389B71}","48000","16","DESKTOP-HL2LCVA","video/mp4","False","01/01/1970 00:00:00.0000000","30/09/2019 04:45:58.0000000","30/09/2019 04:45:58.0000000","30/09/2019 04:52:52.2251026",".mp4","DESKTOP-HL2LCVA\Professor Moriarty","6","False","False","False","01/01/1970 00:00:00.0000000","C:\Users\Professor Moriarty\Downloads\intrologic-006\03_Lesson_3_-_Properties_and_Entailment","03_Lesson_3_-_Properties_and_Entailment (C:\Users\Professor Moriarty\Downloads\intrologic-006)","01_3.1_Properties_of_Sentences_3_min.mp4","01_3.1_Properties_of_Sentences_3_min.mp4","01_3.1_Properties_of_Sentences_3_min","C:\Users\Professor Moriarty\Downloads\intrologic-006\03_Lesson_3_-_Properties_and_Entailment\01_3.1_Properties_of_Sentences_3_min.mp4","01_3.1_Properties_of_Sentences_3_min (C:\Users\Professor Moriarty\Downloads\intrologic-006\03_Lesson_3_-_Properties_and_Entailment)",".mp4","video","Video","video/mp4","01/01/1970 00:00:00.0000000","AVC_MP4_HP_HD_AAC","00:00:02:48 (1687040000)","False","01_3.1_Properties_of_Sentences_3_min.mp4","1077936503","0","30/09/2019 04:55:03.8697805","0,015625","file","06D2EDD82BEC6BD1","{34363248-0000-0010-8000-00AA00389B71}","14392","875967048","540","25000","960","1","False","False","0","94536","1","eda0f2ba-fb47-4cd4-b875-e076904e8ed9","MP4 Video","4459"
"B8A2C6E46F331BF9A04AB97D27E9F817","261263121813","05_2.5_The_Big_Game_3_min.mp4","2410301","ReadOnly, Archive, Sparse_File (545)","30/09/2019 04:52:26.2043206","30/09/2019 04:45:53.4380012","30/09/2019 04:52:28.1407148","file:C:/Users/Professor Moriarty/Downloads/intrologic-006/02_Lesson_2_-_Propositional_Logic/05_2.5_The_Big_Game_3_min.mp4","02_Lesson_2_-_Propositional_Logic","1","74264","{00001610-0000-0010-8000-00AA00389B71}","44100","16","DESKTOP-HL2LCVA","video/mp4","False","01/01/1970 00:00:00.0000000","30/09/2019 04:45:54.0000000","30/09/2019 04:45:54.0000000","30/09/2019 04:52:26.2043206",".mp4","DESKTOP-HL2LCVA\Professor Moriarty","6","False","False","False","01/01/1970 00:00:00.0000000","C:\Users\Professor Moriarty\Downloads\intrologic-006\02_Lesson_2_-_Propositional_Logic","02_Lesson_2_-_Propositional_Logic (C:\Users\Professor Moriarty\Downloads\intrologic-006)","05_2.5_The_Big_Game_3_min.mp4","05_2.5_The_Big_Game_3_min.mp4","05_2.5_The_Big_Game_3_min","C:\Users\Professor Moriarty\Downloads\intrologic-006\02_Lesson_2_-_Propositional_Logic\05_2.5_The_Big_Game_3_min.mp4","05_2.5_The_Big_Game_3_min (C:\Users\Professor Moriarty\Downloads\intrologic-006\02_Lesson_2_-_Propositional_Logic)",".mp4","video","Video","video/mp4","01/01/1970 00:00:00.0000000","AVC_MP4_HP_HD_AAC","00:00:03:09 (1894060000)","False","05_2.5_The_Big_Game_3_min.mp4","1077936503","0","30/09/2019 04:55:03.8493470","0","file","7D3CB7D67E058299","{34363248-0000-0010-8000-00AA00389B71}","18992","875967048","540","29970","960","1","False","False","0","93256","1","eda0f2ba-fb47-4cd4-b875-e076904e8ed9","MP4 Video","4463"
"238BEF7B8A7859AE9E6F202401A5FDD4","261263121813","02_3.2_Logical_Entailment_6_min.mp4","4943385","ReadOnly, Archive, Sparse_File (545)","30/09/2019 04:52:36.1668953","30/09/2019 04:46:00.2910290","30/09/2019 04:52:37.0384632","file:C:/Users/Professor Moriarty/Downloads/intrologic-006/03_Lesson_3_-_Properties_and_Entailment/02_3.2_Logical_Entailment_6_min.mp4","03_Lesson_3_-_Properties_and_Entailment","1","81536","{00001610-0000-0010-8000-00AA00389B71}","48000","16","DESKTOP-HL2LCVA","video/mp4","False","01/01/1970 00:00:00.0000000","30/09/2019 04:46:02.0000000","30/09/2019 04:46:02.0000000","30/09/2019 04:52:36.1668953",".mp4","DESKTOP-HL2LCVA\Professor Moriarty","6","False","False","False","01/01/1970 00:00:00.0000000","C:\Users\Professor Moriarty\Downloads\intrologic-006\03_Lesson_3_-_Properties_and_Entailment","03_Lesson_3_-_Properties_and_Entailment (C:\Users\Professor Moriarty\Downloads\intrologic-006)","02_3.2_Logical_Entailment_6_min.mp4","02_3.2_Logical_Entailment_6_min.mp4","02_3.2_Logical_Entailment_6_min","C:\Users\Professor Moriarty\Downloads\intrologic-006\03_Lesson_3_-_Properties_and_Entailment\02_3.2_Logical_Entailment_6_min.mp4","02_3.2_Logical_Entailment_6_min (C:\Users\Professor Moriarty\Downloads\intrologic-006\03_Lesson_3_-_Properties_and_Entailment)",".mp4","video","Video","video/mp4","01/01/1970 00:00:00.0000000","AVC_MP4_HP_HD_AAC","00:00:06:16 (3766190000)","False","02_3.2_Logical_Entailment_6_min.mp4","1077936503","0","30/09/2019 04:55:03.8396796","0,03125","file","E22B43423616865D","{34363248-0000-0010-8000-00AA00389B71}","17136","875967048","540","25000","960","1","False","False","0","98672","1","eda0f2ba-fb47-4cd4-b875-e076904e8ed9","MP4 Video","4466"
"37A9A2DFFE55984D7864ACD58158E92D","261263121813","01_4.1_Propositional_Proofs_2_min.mp4","1379404","ReadOnly, Archive, Sparse_File (545)","30/09/2019 04:46:13.5445629","30/09/2019 04:46:03.4034055","30/09/2019 04:49:00.9928387","file:C:/Users/Professor Moriarty/Downloads/intrologic-006/04_Lesson_4_-_Propositional_Proofs/01_4.1_Propositional_Proofs_2_min.mp4","04_Lesson_4_-_Propositional_Proofs","1","72808","{00001610-0000-0010-8000-00AA00389B71}","44100","16","DESKTOP-HL2LCVA","video/mp4","False","01/01/1970 00:00:00.0000000","30/09/2019 04:46:04.0000000","30/09/2019 04:46:04.0000000","30/09/2019 04:46:13.5445629",".mp4","DESKTOP-HL2LCVA\Professor Moriarty","6","False","False","False","01/01/1970 00:00:00.0000000","C:\Users\Professor Moriarty\Downloads\intrologic-006\04_Lesson_4_-_Propositional_Proofs","04_Lesson_4_-_Propositional_Proofs (C:\Users\Professor Moriarty\Downloads\intrologic-006)","01_4.1_Propositional_Proofs_2_min.mp4","01_4.1_Propositional_Proofs_2_min.mp4","01_4.1_Propositional_Proofs_2_min","C:\Users\Professor Moriarty\Downloads\intrologic-006\04_Lesson_4_-_Propositional_Proofs\01_4.1_Propositional_Proofs_2_min.mp4","01_4.1_Propositional_Proofs_2_min (C:\Users\Professor Moriarty\Downloads\intrologic-006\04_Lesson_4_-_Propositional_Proofs)",".mp4","video","Video","video/mp4","01/01/1970 00:00:00.0000000","AVC_MP4_HP_HD_AAC","00:00:01:45 (1052800000)","False","01_4.1_Propositional_Proofs_2_min.mp4","1077936503","0","30/09/2019 04:55:03.8096739","0","file","0DB60A11B247F642","{34363248-0000-0010-8000-00AA00389B71}","23480","875967048","540","29970","960","1","False","False","0","96288","1","eda0f2ba-fb47-4cd4-b875-e076904e8ed9","MP4 Video","4474"
"CA07BBFB7F5204CC85CC4DA99C087853","261263121813","03_4.3_Structured_Proofs_5_min.mp4","4048183","ReadOnly, Archive, Sparse_File (545)","30/09/2019 04:53:23.2596173","30/09/2019 04:46:14.6703266","30/09/2019 04:53:23.9313867","file:C:/Users/Professor Moriarty/Downloads/intrologic-006/04_Lesson_4_-_Propositional_Proofs/03_4.3_Structured_Proofs_5_min.mp4","04_Lesson_4_-_Propositional_Proofs","1","74728","{00001610-0000-0010-8000-00AA00389B71}","44100","16","DESKTOP-HL2LCVA","video/mp4","False","01/01/1970 00:00:00.0000000","30/09/2019 04:46:16.0000000","30/09/2019 04:46:16.0000000","30/09/2019 04:53:23.2596173",".mp4","DESKTOP-HL2LCVA\Professor Moriarty","6","False","False","False","01/01/1970 00:00:00.0000000","C:\Users\Professor Moriarty\Downloads\intrologic-006\04_Lesson_4_-_Propositional_Proofs","04_Lesson_4_-_Propositional_Proofs (C:\Users\Professor Moriarty\Downloads\intrologic-006)","03_4.3_Structured_Proofs_5_min.mp4","03_4.3_Structured_Proofs_5_min.mp4","03_4.3_Structured_Proofs_5_min","C:\Users\Professor Moriarty\Downloads\intrologic-006\04_Lesson_4_-_Propositional_Proofs\03_4.3_Structured_Proofs_5_min.mp4","03_4.3_Structured_Proofs_5_min (C:\Users\Professor Moriarty\Downloads\intrologic-006\04_Lesson_4_-_Propositional_Proofs)",".mp4","video","Video","video/mp4","01/01/1970 00:00:00.0000000","AVC_MP4_HP_HD_AAC","00:00:04:51 (2918519999)","False","03_4.3_Structured_Proofs_5_min.mp4","1077936503","0","30/09/2019 04:55:03.7947715","0,015625","file","FDF0A7BF557A11EB","{34363248-0000-0010-8000-00AA00389B71}","27552","875967048","540","29970","960","1","False","False","0","102280","1","eda0f2ba-fb47-4cd4-b875-e076904e8ed9","MP4 Video","4480"
"D98B1C8DA09B75DC303AA6D69F571084","261263121813","04_4.4_Fitch_3_min.mp4","1887069","ReadOnly, Archive, Sparse_File (545)","30/09/2019 04:46:24.4522298","30/09/2019 04:46:17.2407956","30/09/2019 04:49:00.1429827","file:C:/Users/Professor Moriarty/Downloads/intrologic-006/04_Lesson_4_-_Propositional_Proofs/04_4.4_Fitch_3_min.mp4","04_Lesson_4_-_Propositional_Proofs","1","73640","{00001610-0000-0010-8000-00AA00389B71}","44100","16","DESKTOP-HL2LCVA","video/mp4","False","01/01/1970 00:00:00.0000000","30/09/2019 04:46:18.0000000","30/09/2019 04:46:18.0000000","30/09/2019 04:46:24.4522298",".mp4","DESKTOP-HL2LCVA\Professor Moriarty","6","False","False","False","01/01/1970 00:00:00.0000000","C:\Users\Professor Moriarty\Downloads\intrologic-006\04_Lesson_4_-_Propositional_Proofs","04_Lesson_4_-_Propositional_Proofs (C:\Users\Professor Moriarty\Downloads\intrologic-006)","04_4.4_Fitch_3_min.mp4","04_4.4_Fitch_3_min.mp4","04_4.4_Fitch_3_min","C:\Users\Professor Moriarty\Downloads\intrologic-006\04_Lesson_4_-_Propositional_Proofs\04_4.4_Fitch_3_min.mp4","04_4.4_Fitch_3_min (C:\Users\Professor Moriarty\Downloads\intrologic-006\04_Lesson_4_-_Propositional_Proofs)",".mp4","video","Video","video/mp4","01/01/1970 00:00:00.0000000","AVC_MP4_HP_HD_AAC","00:00:02:30 (1508850000)","False","04_4.4_Fitch_3_min.mp4","1077936503","0","30/09/2019 04:55:03.7694178","0","file","BFBB6EF87CE860F2","{34363248-0000-0010-8000-00AA00389B71}","17584","875967048","540","29970","960","1","False","False","0","91224","1","eda0f2ba-fb47-4cd4-b875-e076904e8ed9","MP4 Video","4481"
"9FFEC0CA5D60B9ACE6F3CD9B05C7DAE7","261263121813","01_5.1_Propositional_Resolution_2_min.mp4","1900161","ReadOnly, Archive, Sparse_File (545)","30/09/2019 04:54:10.6302907","30/09/2019 04:46:27.4662744","30/09/2019 04:54:11.5105675","file:C:/Users/Professor Moriarty/Downloads/intrologic-006/05_Lesson_5_-_Propositional_Resolution/01_5.1_Propositional_Resolution_2_min.mp4","05_Lesson_5_-_Propositional_Resolution","2","121424","{00001610-0000-0010-8000-00AA00389B71}","44100","16","DESKTOP-HL2LCVA","video/mp4","False","01/01/1970 00:00:00.0000000","30/09/2019 04:46:28.0000000","30/09/2019 04:46:28.0000000","30/09/2019 04:54:10.6302907",".mp4","DESKTOP-HL2LCVA\Professor Moriarty","6","False","False","False","01/01/1970 00:00:00.0000000","C:\Users\Professor Moriarty\Downloads\intrologic-006\05_Lesson_5_-_Propositional_Resolution","05_Lesson_5_-_Propositional_Resolution (C:\Users\Professor Moriarty\Downloads\intrologic-006)","01_5.1_Propositional_Resolution_2_min.mp4","01_5.1_Propositional_Resolution_2_min.mp4","01_5.1_Propositional_Resolution_2_min","C:\Users\Professor Moriarty\Downloads\intrologic-006\05_Lesson_5_-_Propositional_Resolution\01_5.1_Propositional_Resolution_2_min.mp4","01_5.1_Propositional_Resolution_2_min (C:\Users\Professor Moriarty\Downloads\intrologic-006\05_Lesson_5_-_Propositional_Resolution)",".mp4","video","Video","video/mp4","01/01/1970 00:00:00.0000000","AVC_MP4_HP_HD_AAC","00:00:01:35 (955970000)","False","01_5.1_Propositional_Resolution_2_min.mp4","1077936503","0","30/09/2019 04:55:03.7493392","0","file","AC037E65F0EF8C6B","{34363248-0000-0010-8000-00AA00389B71}","28160","875967048","540","29970","960","1","False","False","0","149584","1","eda0f2ba-fb47-4cd4-b875-e076904e8ed9","MP4 Video","4486"
"1FCD8E60C03CB7C17F0DD7D1E83FEAB8","261263121813","02_5.2_Clausal_Form_5_min.mp4","3575324","ReadOnly, Archive, Sparse_File (545)","30/09/2019 04:54:25.0989698","30/09/2019 04:46:28.7571956","30/09/2019 04:54:27.9992339","file:C:/Users/Professor Moriarty/Downloads/intrologic-006/05_Lesson_5_-_Propositional_Resolution/02_5.2_Clausal_Form_5_min.mp4","05_Lesson_5_-_Propositional_Resolution","1","74688","{00001610-0000-0010-8000-00AA00389B71}","44100","16","DESKTOP-HL2LCVA","video/mp4","False","01/01/1970 00:00:00.0000000","30/09/2019 04:46:30.0000000","30/09/2019 04:46:30.0000000","30/09/2019 04:54:25.0989698",".mp4","DESKTOP-HL2LCVA\Professor Moriarty","6","False","False","False","01/01/1970 00:00:00.0000000","C:\Users\Professor Moriarty\Downloads\intrologic-006\05_Lesson_5_-_Propositional_Resolution","05_Lesson_5_-_Propositional_Resolution (C:\Users\Professor Moriarty\Downloads\intrologic-006)","02_5.2_Clausal_Form_5_min.mp4","02_5.2_Clausal_Form_5_min.mp4","02_5.2_Clausal_Form_5_min","C:\Users\Professor Moriarty\Downloads\intrologic-006\05_Lesson_5_-_Propositional_Resolution\02_5.2_Clausal_Form_5_min.mp4","02_5.2_Clausal_Form_5_min (C:\Users\Professor Moriarty\Downloads\intrologic-006\05_Lesson_5_-_Propositional_Resolution)",".mp4","video","Video","video/mp4","01/01/1970 00:00:00.0000000","AVC_MP4_HP_HD_AAC","00:00:04:37 (2779430000)","False","02_5.2_Clausal_Form_5_min.mp4","1077936503","0","30/09/2019 04:55:03.7393802","0,015625","file","D9C7A992FFCADC74","{34363248-0000-0010-8000-00AA00389B71}","19472","875967048","540","29970","960","1","False","False","0","94160","1","eda0f2ba-fb47-4cd4-b875-e076904e8ed9","MP4 Video","4493"
"53316548DF7B49208E5B5F70E912E229","261263121813","03_5.3_Resolution_Principle_5_min.mp4","3689427","ReadOnly, Archive, Sparse_File (545)","30/09/2019 04:54:17.3132743","30/09/2019 04:46:35.2690067","30/09/2019 04:54:18.2156838","file:C:/Users/Professor Moriarty/Downloads/intrologic-006/05_Lesson_5_-_Propositional_Resolution/03_5.3_Resolution_Principle_5_min.mp4","05_Lesson_5_-_Propositional_Resolution","1","74768","{00001610-0000-0010-8000-00AA00389B71}","44100","16","DESKTOP-HL2LCVA","video/mp4","False","01/01/1970 00:00:00.0000000","30/09/2019 04:46:36.0000000","30/09/2019 04:46:36.0000000","30/09/2019 04:54:17.3132743",".mp4","DESKTOP-HL2LCVA\Professor Moriarty","6","False","False","False","01/01/1970 00:00:00.0000000","C:\Users\Professor Moriarty\Downloads\intrologic-006\05_Lesson_5_-_Propositional_Resolution","05_Lesson_5_-_Propositional_Resolution (C:\Users\Professor Moriarty\Downloads\intrologic-006)","03_5.3_Resolution_Principle_5_min.mp4","03_5.3_Resolution_Principle_5_min.mp4","03_5.3_Resolution_Principle_5_min","C:\Users\Professor Moriarty\Downloads\intrologic-006\05_Lesson_5_-_Propositional_Resolution\03_5.3_Resolution_Principle_5_min.mp4","03_5.3_Resolution_Principle_5_min (C:\Users\Professor Moriarty\Downloads\intrologic-006\05_Lesson_5_-_Propositional_Resolution)",".mp4","video","Video","video/mp4","01/01/1970 00:00:00.0000000","AVC_MP4_HP_HD_AAC","00:00:05:05 (3058540000)","False","03_5.3_Resolution_Principle_5_min.mp4","1077936503","0","30/09/2019 04:55:03.7197320","0,015625","file","402C473991CDD811","{34363248-0000-0010-8000-00AA00389B71}","12968","875967048","540","29970","960","1","False","False","0","87736","1","eda0f2ba-fb47-4cd4-b875-e076904e8ed9","MP4 Video","4495"
"AA935A5EF38A1B94FE7C1595A355EAB8","261263121813","04_5.4_Resolution_Method_7_min.mp4","5338943","ReadOnly, Archive, Sparse_File (545)","30/09/2019 04:53:21.1642833","30/09/2019 04:46:36.2343051","30/09/2019 04:53:21.9508253","file:C:/Users/Professor Moriarty/Downloads/intrologic-006/05_Lesson_5_-_Propositional_Resolution/04_5.4_Resolution_Method_7_min.mp4","05_Lesson_5_-_Propositional_Resolution","1","75064","{00001610-0000-0010-8000-00AA00389B71}","44100","16","DESKTOP-HL2LCVA","video/mp4","False","01/01/1970 00:00:00.0000000","30/09/2019 04:46:38.0000000","30/09/2019 04:46:38.0000000","30/09/2019 04:53:21.1642833",".mp4","DESKTOP-HL2LCVA\Professor Moriarty","6","False","False","False","01/01/1970 00:00:00.0000000","C:\Users\Professor Moriarty\Downloads\intrologic-006\05_Lesson_5_-_Propositional_Resolution","05_Lesson_5_-_Propositional_Resolution (C:\Users\Professor Moriarty\Downloads\intrologic-006)","04_5.4_Resolution_Method_7_min.mp4","04_5.4_Resolution_Method_7_min.mp4","04_5.4_Resolution_Method_7_min","C:\Users\Professor Moriarty\Downloads\intrologic-006\05_Lesson_5_-_Propositional_Resolution\04_5.4_Resolution_Method_7_min.mp4","04_5.4_Resolution_Method_7_min (C:\Users\Professor Moriarty\Downloads\intrologic-006\05_Lesson_5_-_Propositional_Resolution)",".mp4","video","Video","video/mp4","01/01/1970 00:00:00.0000000","AVC_MP4_HP_HD_AAC","00:00:06:40 (4008470000)","False","04_5.4_Resolution_Method_7_min.mp4","1077936503","0","30/09/2019 04:55:03.6945627","0","file","29E5DCE20CA3BEE6","{34363248-0000-0010-8000-00AA00389B71}","22736","875967048","540","29970","960","1","False","False","0","97800","1","eda0f2ba-fb47-4cd4-b875-e076904e8ed9","MP4 Video","4498"
"FFFA0A8D286111399218134D3B231124","261263121813","03_8.3_Example_3_min.mp4","2134156","ReadOnly, Archive, Sparse_File (545)","30/09/2019 04:51:00.4658094","30/09/2019 04:46:49.5918499","30/09/2019 04:51:01.4018578","file:C:/Users/Professor Moriarty/Downloads/intrologic-006/06_Lesson_8_-_Relational_Logic_Proofs/03_8.3_Example_3_min.mp4","06_Lesson_8_-_Relational_Logic_Proofs","1","73624","{00001610-0000-0010-8000-00AA00389B71}","44100","16","DESKTOP-HL2LCVA","video/mp4","False",,"30/09/2019 04:46:50.0000000","30/09/2019 04:46:50.0000000","30/09/2019 04:51:00.4658094",".mp4","DESKTOP-HL2LCVA\Professor Moriarty","6","False","False","False","30/09/2019 04:46:50.0000000","C:\Users\Professor Moriarty\Downloads\intrologic-006\06_Lesson_8_-_Relational_Logic_Proofs","06_Lesson_8_-_Relational_Logic_Proofs (C:\Users\Professor Moriarty\Downloads\intrologic-006)","03_8.3_Example_3_min.mp4","03_8.3_Example_3_min.mp4","03_8.3_Example_3_min","C:\Users\Professor Moriarty\Downloads\intrologic-006\06_Lesson_8_-_Relational_Logic_Proofs\03_8.3_Example_3_min.mp4","03_8.3_Example_3_min (C:\Users\Professor Moriarty\Downloads\intrologic-006\06_Lesson_8_-_Relational_Logic_Proofs)",".mp4","video","Video","video/mp4",,"AVC_MP4_HP_HD_AAC","00:00:02:42 (1626630000)","False","03_8.3_Example_3_min.mp4","1077936503","0","30/09/2019 04:55:03.6693791","0,03125","file","9EA09BB255043D9D","{34363248-0000-0010-8000-00AA00389B71}","22384","875967048","540","29970","960","1","False","False","0","96008","1","eda0f2ba-fb47-4cd4-b875-e076904e8ed9","MP4 Video","4510"
"8415565B4496A651F4219316AD39BD7B","261263121813","01_9.1_Resolution_2_min.mp4","1444179","ReadOnly, Archive, Sparse_File (545)","30/09/2019 04:47:05.7912877","30/09/2019 04:46:59.6348710","30/09/2019 04:48:58.8395015","file:C:/Users/Professor Moriarty/Downloads/intrologic-006/07_Lesson_9_-_Resolution/01_9.1_Resolution_2_min.mp4","07_Lesson_9_-_Resolution","1","72432","{00001610-0000-0010-8000-00AA00389B71}","44100","16","DESKTOP-HL2LCVA","video/mp4","False",,"30/09/2019 04:47:00.0000000","30/09/2019 04:47:00.0000000","30/09/2019 04:47:05.7912877",".mp4","DESKTOP-HL2LCVA\Professor Moriarty","6","False","False","False","30/09/2019 04:47:00.0000000","C:\Users\Professor Moriarty\Downloads\intrologic-006\07_Lesson_9_-_Resolution","07_Lesson_9_-_Resolution (C:\Users\Professor Moriarty\Downloads\intrologic-006)","01_9.1_Resolution_2_min.mp4","01_9.1_Resolution_2_min.mp4","01_9.1_Resolution_2_min","C:\Users\Professor Moriarty\Downloads\intrologic-006\07_Lesson_9_-_Resolution\01_9.1_Resolution_2_min.mp4","01_9.1_Resolution_2_min (C:\Users\Professor Moriarty\Downloads\intrologic-006\07_Lesson_9_-_Resolution)",".mp4","video","Video","video/mp4",,"AVC_MP4_HP_HD_AAC","00:00:01:46 (1067340000)","False","01_9.1_Resolution_2_min.mp4","1077936503","0","30/09/2019 04:55:03.6398205","0","file","499316DE318CDA51","{34363248-0000-0010-8000-00AA00389B71}","26776","875967048","540","29970","960","1","False","False","0","99208","1","eda0f2ba-fb47-4cd4-b875-e076904e8ed9","MP4 Video","4515"
"CBBD72C67D31CDD8A7A13A8E9AF8D196","261263121813","05_8.5_Example_-_Quantifier_and_Implication_5_min.mp4","4650677","ReadOnly, Archive, Sparse_File (545)","30/09/2019 04:52:40.5368488","30/09/2019 04:46:57.9766207","30/09/2019 04:52:41.6134081","file:C:/Users/Professor Moriarty/Downloads/intrologic-006/06_Lesson_8_-_Relational_Logic_Proofs/05_8.5_Example_-_Quantifier_and_Implication_5_min.mp4","06_Lesson_8_-_Relational_Logic_Proofs","1","74792","{00001610-0000-0010-8000-00AA00389B71}","44100","16","DESKTOP-HL2LCVA","video/mp4","False",,"30/09/2019 04:46:58.0000000","30/09/2019 04:46:58.0000000","30/09/2019 04:52:40.5368488",".mp4","DESKTOP-HL2LCVA\Professor Moriarty","6","False","False","False","30/09/2019 04:46:58.0000000","C:\Users\Professor Moriarty\Downloads\intrologic-006\06_Lesson_8_-_Relational_Logic_Proofs","06_Lesson_8_-_Relational_Logic_Proofs (C:\Users\Professor Moriarty\Downloads\intrologic-006)","05_8.5_Example_-_Quantifier_and_Implication_5_min.mp4","05_8.5_Example_-_Quantifier_and_Implication_5_min.mp4","05_8.5_Example_-_Quantifier_and_Implication_5_min","C:\Users\Professor Moriarty\Downloads\intrologic-006\06_Lesson_8_-_Relational_Logic_Proofs\05_8.5_Example_-_Quantifier_and_Implication_5_min.mp4","05_8.5_Example_-_Quantifier_and_Implication_5_min (C:\Users\Professor Moriarty\Downloads\intrologic-006\06_Lesson_8_-_Relational_Logic_Proofs)",".mp4","video","Video","video/mp4",,"AVC_MP4_HP_HD_AAC","00:00:05:23 (3235570000)","False","05_8.5_Example_-_Quantifier_and_Implication_5_min.mp4","1077936503","0","30/09/2019 04:55:03.6094237","0,015625","file","95F01C126EBC5E5F","{34363248-0000-0010-8000-00AA00389B71}","31328","875967048","540","29970","960","1","False","False","0","106120","1","eda0f2ba-fb47-4cd4-b875-e076904e8ed9","MP4 Video","4518"
"73485CF7770F5B39A8154D11F6905814","261263121813","02_9.2_Clausal_Form_9_min.mp4","7297929","ReadOnly, Archive, Sparse_File (545)","30/09/2019 04:54:36.0412160","30/09/2019 04:47:04.6130148","30/09/2019 04:54:37.8791484","file:C:/Users/Professor Moriarty/Downloads/intrologic-006/07_Lesson_9_-_Resolution/02_9.2_Clausal_Form_9_min.mp4","07_Lesson_9_-_Resolution","1","75256","{00001610-0000-0010-8000-00AA00389B71}","44100","16","DESKTOP-HL2LCVA","video/mp4","False",,"30/09/2019 04:47:06.0000000","30/09/2019 04:47:06.0000000","30/09/2019 04:54:36.0412160",".mp4","DESKTOP-HL2LCVA\Professor Moriarty","6","False","False","False","30/09/2019 04:47:06.0000000","C:\Users\Professor Moriarty\Downloads\intrologic-006\07_Lesson_9_-_Resolution","07_Lesson_9_-_Resolution (C:\Users\Professor Moriarty\Downloads\intrologic-006)","02_9.2_Clausal_Form_9_min.mp4","02_9.2_Clausal_Form_9_min.mp4","02_9.2_Clausal_Form_9_min","C:\Users\Professor Moriarty\Downloads\intrologic-006\07_Lesson_9_-_Resolution\02_9.2_Clausal_Form_9_min.mp4","02_9.2_Clausal_Form_9_min (C:\Users\Professor Moriarty\Downloads\intrologic-006\07_Lesson_9_-_Resolution)",".mp4","video","Video","video/mp4",,"AVC_MP4_HP_HD_AAC","00:00:09:01 (5415680000)","False","02_9.2_Clausal_Form_9_min.mp4","1077936503","0","30/09/2019 04:55:03.5636770","0","file","8C6B4B891BCC4F6A","{34363248-0000-0010-8000-00AA00389B71}","23760","875967048","540","29970","960","1","False","False","0","99016","1","eda0f2ba-fb47-4cd4-b875-e076904e8ed9","MP4 Video","4524"
"2189FFF8AF2182D65A4BEFE5AC751DC5","261263121813","05_9.5_Resolution_Reasoning_5_min.mp4","4039849","ReadOnly, Archive, Sparse_File (545)","30/09/2019 04:54:37.6765387","30/09/2019 04:47:15.5458679","30/09/2019 04:54:39.3852888","file:C:/Users/Professor Moriarty/Downloads/intrologic-006/07_Lesson_9_-_Resolution/05_9.5_Resolution_Reasoning_5_min.mp4","07_Lesson_9_-_Resolution","1","74816","{00001610-0000-0010-8000-00AA00389B71}","44100","16","DESKTOP-HL2LCVA","video/mp4","False",,"30/09/2019 04:47:16.0000000","30/09/2019 04:47:16.0000000","30/09/2019 04:54:37.6765387",".mp4","DESKTOP-HL2LCVA\Professor Moriarty","6","False","False","False","30/09/2019 04:47:16.0000000","C:\Users\Professor Moriarty\Downloads\intrologic-006\07_Lesson_9_-_Resolution","07_Lesson_9_-_Resolution (C:\Users\Professor Moriarty\Downloads\intrologic-006)","05_9.5_Resolution_Reasoning_5_min.mp4","05_9.5_Resolution_Reasoning_5_min.mp4","05_9.5_Resolution_Reasoning_5_min","C:\Users\Professor Moriarty\Downloads\intrologic-006\07_Lesson_9_-_Resolution\05_9.5_Resolution_Reasoning_5_min.mp4","05_9.5_Resolution_Reasoning_5_min (C:\Users\Professor Moriarty\Downloads\intrologic-006\07_Lesson_9_-_Resolution)",".mp4","video","Video","video/mp4",,"AVC_MP4_HP_HD_AAC","00:00:04:51 (2912110000)","False","05_9.5_Resolution_Reasoning_5_min.mp4","1077936503","0","30/09/2019 04:55:03.5198307","0","file","25FBF5C680C55020","{34363248-0000-0010-8000-00AA00389B71}","27512","875967048","540","29970","960","1","False","False","0","102328","1","eda0f2ba-fb47-4cd4-b875-e076904e8ed9","MP4 Video","4536"
"6A01937EBBCF87F214797E4245132105","261263121813","06_9.6_Unsatisfiability_2_min.mp4","1291774","ReadOnly, Archive, Sparse_File (545)","30/09/2019 04:47:24.2631411","30/09/2019 04:47:18.1634826","30/09/2019 04:48:57.9211756","file:C:/Users/Professor Moriarty/Downloads/intrologic-006/07_Lesson_9_-_Resolution/06_9.6_Unsatisfiability_2_min.mp4","07_Lesson_9_-_Resolution","1","72448","{00001610-0000-0010-8000-00AA00389B71}","44100","16","DESKTOP-HL2LCVA","video/mp4","False","01/01/1970 00:00:00.0000000","30/09/2019 04:47:20.0000000","30/09/2019 04:47:20.0000000","30/09/2019 04:47:24.2631411",".mp4","DESKTOP-HL2LCVA\Professor Moriarty","6","False","False","False","01/01/1970 00:00:00.0000000","C:\Users\Professor Moriarty\Downloads\intrologic-006\07_Lesson_9_-_Resolution","07_Lesson_9_-_Resolution (C:\Users\Professor Moriarty\Downloads\intrologic-006)","06_9.6_Unsatisfiability_2_min.mp4","06_9.6_Unsatisfiability_2_min.mp4","06_9.6_Unsatisfiability_2_min","C:\Users\Professor Moriarty\Downloads\intrologic-006\07_Lesson_9_-_Resolution\06_9.6_Unsatisfiability_2_min.mp4","06_9.6_Unsatisfiability_2_min (C:\Users\Professor Moriarty\Downloads\intrologic-006\07_Lesson_9_-_Resolution)",".mp4","video","Video","video/mp4","01/01/1970 00:00:00.0000000","AVC_MP4_HP_HD_AAC","00:00:01:42 (1028180000)","False","06_9.6_Unsatisfiability_2_min.mp4","1077936503","0","30/09/2019 04:55:03.4961707","0","file","E5EED365931FF74A","{34363248-0000-0010-8000-00AA00389B71}","19112","875967048","540","29970","960","1","False","False","0","91560","1","eda0f2ba-fb47-4cd4-b875-e076904e8ed9","MP4 Video","4543"
"D965A1AE6C4C52C12EE7F6135D1B7019","261263121813","08_9.8_Answer_Extraction_6_min.mp4","5454619","ReadOnly, Archive, Sparse_File (545)","30/09/2019 04:54:04.1706204","30/09/2019 04:47:23.1399067","30/09/2019 04:54:09.2798055","file:C:/Users/Professor Moriarty/Downloads/intrologic-006/07_Lesson_9_-_Resolution/08_9.8_Answer_Extraction_6_min.mp4","07_Lesson_9_-_Resolution","1","75096","{00001610-0000-0010-8000-00AA00389B71}","44100","16","DESKTOP-HL2LCVA","video/mp4","False","01/01/1970 00:00:00.0000000","30/09/2019 04:47:24.0000000","30/09/2019 04:47:24.0000000","30/09/2019 04:54:04.1706204",".mp4","DESKTOP-HL2LCVA\Professor Moriarty","6","False","False","False","01/01/1970 00:00:00.0000000","C:\Users\Professor Moriarty\Downloads\intrologic-006\07_Lesson_9_-_Resolution","07_Lesson_9_-_Resolution (C:\Users\Professor Moriarty\Downloads\intrologic-006)","08_9.8_Answer_Extraction_6_min.mp4","08_9.8_Answer_Extraction_6_min.mp4","08_9.8_Answer_Extraction_6_min","C:\Users\Professor Moriarty\Downloads\intrologic-006\07_Lesson_9_-_Resolution\08_9.8_Answer_Extraction_6_min.mp4","08_9.8_Answer_Extraction_6_min (C:\Users\Professor Moriarty\Downloads\intrologic-006\07_Lesson_9_-_Resolution)",".mp4","video","Video","video/mp4","01/01/1970 00:00:00.0000000","AVC_MP4_HP_HD_AAC","00:00:06:27 (3871240000)","False","08_9.8_Answer_Extraction_6_min.mp4","1077936503","0","30/09/2019 04:55:03.4595675","0,015625","file","E372A1B45E25F273","{34363248-0000-0010-8000-00AA00389B71}","28960","875967048","540","29970","960","1","False","False","0","104056","1","eda0f2ba-fb47-4cd4-b875-e076904e8ed9","MP4 Video","4546"
"F35A7D5F6D4CCC84C4A522564C942F1B","261263121813","02_10.2_Domain_Closure_2_min.mp4","1448923","ReadOnly, Archive, Sparse_File (545)","30/09/2019 04:47:36.0807179","30/09/2019 04:47:31.5653696","30/09/2019 04:48:57.1260079","file:C:/Users/Professor Moriarty/Downloads/intrologic-006/08_Lesson_10_-_Induction/02_10.2_Domain_Closure_2_min.mp4","08_Lesson_10_-_Induction","1","72904","{00001610-0000-0010-8000-00AA00389B71}","44100","16","DESKTOP-HL2LCVA","video/mp4","False","01/01/1970 00:00:00.0000000","30/09/2019 04:47:32.0000000","30/09/2019 04:47:32.0000000","30/09/2019 04:47:36.0807179",".mp4","DESKTOP-HL2LCVA\Professor Moriarty","6","False","False","False","01/01/1970 00:00:00.0000000","C:\Users\Professor Moriarty\Downloads\intrologic-006\08_Lesson_10_-_Induction","08_Lesson_10_-_Induction (C:\Users\Professor Moriarty\Downloads\intrologic-006)","02_10.2_Domain_Closure_2_min.mp4","02_10.2_Domain_Closure_2_min.mp4","02_10.2_Domain_Closure_2_min","C:\Users\Professor Moriarty\Downloads\intrologic-006\08_Lesson_10_-_Induction\02_10.2_Domain_Closure_2_min.mp4","02_10.2_Domain_Closure_2_min (C:\Users\Professor Moriarty\Downloads\intrologic-006\08_Lesson_10_-_Induction)",".mp4","video","Video","video/mp4","01/01/1970 00:00:00.0000000","AVC_MP4_HP_HD_AAC","00:00:01:53 (1130820000)","False","02_10.2_Domain_Closure_2_min.mp4","1077936503","0","30/09/2019 04:55:03.4094787","0","file","A3F8CE75FCA96963","{34363248-0000-0010-8000-00AA00389B71}","20944","875967048","540","29970","960","1","False","False","0","93848","1","eda0f2ba-fb47-4cd4-b875-e076904e8ed9","MP4 Video","4553"
"5FE8F80708C21B40EBD2526951DC4AE2","261263121813","01_Equality_3_min.mp4","1998231","ReadOnly, Archive, Sparse_File (545)","30/09/2019 04:53:22.6952735","30/09/2019 04:47:46.7514446","30/09/2019 04:53:22.8104826","file:C:/Users/Professor Moriarty/Downloads/intrologic-006/09_Equality/01_Equality_3_min.mp4","09_Equality","1","73696","{00001610-0000-0010-8000-00AA00389B71}","44100","16","DESKTOP-HL2LCVA","video/mp4","False",,"30/09/2019 04:47:48.0000000","30/09/2019 04:47:48.0000000","30/09/2019 04:53:22.6952735",".mp4","DESKTOP-HL2LCVA\Professor Moriarty","6","False","False","False","30/09/2019 04:47:48.0000000","C:\Users\Professor Moriarty\Downloads\intrologic-006\09_Equality","09_Equality (C:\Users\Professor Moriarty\Downloads\intrologic-006)","01_Equality_3_min.mp4","01_Equality_3_min.mp4","01_Equality_3_min","C:\Users\Professor Moriarty\Downloads\intrologic-006\09_Equality\01_Equality_3_min.mp4","01_Equality_3_min (C:\Users\Professor Moriarty\Downloads\intrologic-006\09_Equality)",".mp4","video","Video","video/mp4",,"AVC_MP4_HP_HD_AAC","00:00:02:34 (1540160000)","False","01_Equality_3_min.mp4","1077936503","0","30/09/2019 04:55:03.3296012","0,015625","file","C8B3E45DA9C4EAF2","{34363248-0000-0010-8000-00AA00389B71}","21352","875967048","540","29970","960","1","False","False","0","95048","1","eda0f2ba-fb47-4cd4-b875-e076904e8ed9","MP4 Video","4562"
"37EF6434B0A9102A8CB6ECC876D6CED3","261263121813","05_10.5_Structural_Induction_6_min.mp4","5245158","ReadOnly, Archive, Sparse_File (545)","30/09/2019 04:54:43.7534581","30/09/2019 04:47:43.0184384","30/09/2019 04:54:44.3404591","file:C:/Users/Professor Moriarty/Downloads/intrologic-006/08_Lesson_10_-_Induction/05_10.5_Structural_Induction_6_min.mp4","08_Lesson_10_-_Induction","1","75160","{00001610-0000-0010-8000-00AA00389B71}","44100","16","DESKTOP-HL2LCVA","video/mp4","False","01/01/1970 00:00:00.0000000","30/09/2019 04:47:44.0000000","30/09/2019 04:47:44.0000000","30/09/2019 04:54:43.7534581",".mp4","DESKTOP-HL2LCVA\Professor Moriarty","6","False","False","False","01/01/1970 00:00:00.0000000","C:\Users\Professor Moriarty\Downloads\intrologic-006\08_Lesson_10_-_Induction","08_Lesson_10_-_Induction (C:\Users\Professor Moriarty\Downloads\intrologic-006)","05_10.5_Structural_Induction_6_min.mp4","05_10.5_Structural_Induction_6_min.mp4","05_10.5_Structural_Induction_6_min","C:\Users\Professor Moriarty\Downloads\intrologic-006\08_Lesson_10_-_Induction\05_10.5_Structural_Induction_6_min.mp4","05_10.5_Structural_Induction_6_min (C:\Users\Professor Moriarty\Downloads\intrologic-006\08_Lesson_10_-_Induction)",".mp4","video","Video","video/mp4","01/01/1970 00:00:00.0000000","AVC_MP4_HP_HD_AAC","00:00:06:29 (3894220000)","False","05_10.5_Structural_Induction_6_min.mp4","1077936503","0","30/09/2019 04:55:03.2893989","0,015625","file","8123FD86CDF87272","{34363248-0000-0010-8000-00AA00389B71}","24024","875967048","540","29970","960","1","False","False","0","99184","1","eda0f2ba-fb47-4cd4-b875-e076904e8ed9","MP4 Video","4569"
"B60062AC48FC750E88567658F74C9073","261263121813","02_Properties_of_Equality_3_min.mp4","2484668","ReadOnly, Archive, Sparse_File (545)","30/09/2019 04:53:32.4604141","30/09/2019 04:47:50.6608638","30/09/2019 04:53:32.6852734","file:C:/Users/Professor Moriarty/Downloads/intrologic-006/09_Equality/02_Properties_of_Equality_3_min.mp4","09_Equality","1","74160","{00001610-0000-0010-8000-00AA00389B71}","44100","16","DESKTOP-HL2LCVA","video/mp4","False",,"30/09/2019 04:47:52.0000000","30/09/2019 04:47:52.0000000","30/09/2019 04:53:32.4604141",".mp4","DESKTOP-HL2LCVA\Professor Moriarty","6","False","False","False","30/09/2019 04:47:52.0000000","C:\Users\Professor Moriarty\Downloads\intrologic-006\09_Equality","09_Equality (C:\Users\Professor Moriarty\Downloads\intrologic-006)","02_Properties_of_Equality_3_min.mp4","02_Properties_of_Equality_3_min.mp4","02_Properties_of_Equality_3_min","C:\Users\Professor Moriarty\Downloads\intrologic-006\09_Equality\02_Properties_of_Equality_3_min.mp4","02_Properties_of_Equality_3_min (C:\Users\Professor Moriarty\Downloads\intrologic-006\09_Equality)",".mp4","video","Video","video/mp4",,"AVC_MP4_HP_HD_AAC","00:00:03:11 (1911090000)","False","02_Properties_of_Equality_3_min.mp4","1077936503","0","30/09/2019 04:55:03.1748760","0","file","C7E1264CF111DED3","{34363248-0000-0010-8000-00AA00389B71}","21160","875967048","540","29970","960","1","False","False","0","95320","1","eda0f2ba-fb47-4cd4-b875-e076904e8ed9","MP4 Video","4574"
"ABB9F1847B28E2F00F39C90A03F9A3C4","261263121813","01_First_Order_Logic_a_very_brief_introduction.mp4","13245200","ReadOnly, Archive, Sparse_File (545)","30/09/2019 04:54:57.4962812","30/09/2019 04:48:08.4900771","30/09/2019 04:55:01.9000415","file:C:/Users/Professor Moriarty/Downloads/intrologic-006/10_First_Order_Logic/01_First_Order_Logic_a_very_brief_introduction.mp4","10_First_Order_Logic","1","127912","{00001610-0000-0010-8000-00AA00389B71}","44100","16","DESKTOP-HL2LCVA","video/mp4","False",,"30/09/2019 04:48:10.0000000","30/09/2019 04:48:10.0000000","30/09/2019 04:54:57.4962812",".mp4","DESKTOP-HL2LCVA\Professor Moriarty","6","False","False","False","30/09/2019 04:48:10.0000000","C:\Users\Professor Moriarty\Downloads\intrologic-006\10_First_Order_Logic","10_First_Order_Logic (C:\Users\Professor Moriarty\Downloads\intrologic-006)","01_First_Order_Logic_a_very_brief_introduction.mp4","01_First_Order_Logic_a_very_brief_introduction.mp4","01_First_Order_Logic_a_very_brief_introduction","C:\Users\Professor Moriarty\Downloads\intrologic-006\10_First_Order_Logic\01_First_Order_Logic_a_very_brief_introduction.mp4","01_First_Order_Logic_a_very_brief_introduction (C:\Users\Professor Moriarty\Downloads\intrologic-006\10_First_Order_Logic)",".mp4","video","Video","video/mp4",,"AVC_MP4_MP_HD_720p_AAC","00:00:10:41 (6415680000)","False","01_First_Order_Logic_a_very_brief_introduction.mp4","1077936503","0","30/09/2019 04:55:03.0728503","0,015625","file","EAA333F936E9711F","{34363248-0000-0010-8000-00AA00389B71}","28440","875967048","540","29970","960","1","False","False","0","156352","1","eda0f2ba-fb47-4cd4-b875-e076904e8ed9","MP4 Video","4581"
"49F4734040005B7621F5C16FE852A59C","261263121813","05_More_examples_2_min.mp4","1813654","ReadOnly, Archive, Sparse_File (545)","30/09/2019 04:48:12.0292464","30/09/2019 04:48:01.9967483","30/09/2019 04:48:56.2301305","file:C:/Users/Professor Moriarty/Downloads/intrologic-006/09_Equality/05_More_examples_2_min.mp4","09_Equality","1","73432","{00001610-0000-0010-8000-00AA00389B71}","44100","16","DESKTOP-HL2LCVA","video/mp4","False",,"30/09/2019 04:48:02.0000000","30/09/2019 04:48:02.0000000","30/09/2019 04:48:12.0292464",".mp4","DESKTOP-HL2LCVA\Professor Moriarty","6","False","False","False","30/09/2019 04:48:02.0000000","C:\Users\Professor Moriarty\Downloads\intrologic-006\09_Equality","09_Equality (C:\Users\Professor Moriarty\Downloads\intrologic-006)","05_More_examples_2_min.mp4","05_More_examples_2_min.mp4","05_More_examples_2_min","C:\Users\Professor Moriarty\Downloads\intrologic-006\09_Equality\05_More_examples_2_min.mp4","05_More_examples_2_min (C:\Users\Professor Moriarty\Downloads\intrologic-006\09_Equality)",".mp4","video","Video","video/mp4",,"AVC_MP4_HP_HD_AAC","00:00:02:23 (1437760000)","False","05_More_examples_2_min.mp4","1077936503","0","30/09/2019 04:55:02.8246813","0,015625","file","D0C8D2AB7E2F7D4B","{34363248-0000-0010-8000-00AA00389B71}","18576","875967048","540","29970","960","1","False","False","0","92008","1","eda0f2ba-fb47-4cd4-b875-e076904e8ed9","MP4 Video","4584"
"E0EC7F4BFB826AB7C9BA57BE3769A681","261263121813","01_Introduction_7_min.mp4","6078407","ReadOnly, Archive, Sparse_File (545)","30/09/2019 04:55:00.6536724","30/09/2019 04:48:13.0417563","30/09/2019 04:55:01.8145714","file:C:/Users/Professor Moriarty/Downloads/intrologic-006/11_General_Game_Playing/01_Introduction_7_min.mp4","11_General_Game_Playing","1","75120","{00001610-0000-0010-8000-00AA00389B71}","44100","16","DESKTOP-HL2LCVA","video/mp4","False","01/01/1970 00:00:00.0000000","30/09/2019 04:48:14.0000000","30/09/2019 04:48:14.0000000","30/09/2019 04:55:00.6536724",".mp4","DESKTOP-HL2LCVA\Professor Moriarty","6","False","False","False","01/01/1970 00:00:00.0000000","C:\Users\Professor Moriarty\Downloads\intrologic-006\11_General_Game_Playing","11_General_Game_Playing (C:\Users\Professor Moriarty\Downloads\intrologic-006)","01_Introduction_7_min.mp4","01_Introduction_7_min.mp4","01_Introduction_7_min","C:\Users\Professor Moriarty\Downloads\intrologic-006\11_General_Game_Playing\01_Introduction_7_min.mp4","01_Introduction_7_min (C:\Users\Professor Moriarty\Downloads\intrologic-006\11_General_Game_Playing)",".mp4","video","Video","video/mp4","01/01/1970 00:00:00.0000000","AVC_MP4_HP_HD_AAC","00:00:07:08 (4288030000)","False","01_Introduction_7_min.mp4","1077936503","0","30/09/2019 04:55:02.8096182","0","file","CB41AB21C96E6E51","{34363248-0000-0010-8000-00AA00389B71}","29520","875967048","540","29970","960","1","False","False","0","104640","1","eda0f2ba-fb47-4cd4-b875-e076904e8ed9","MP4 Video","4586"
"9EDA0673DD720FC76A2FABACE442D612","261263121813","04_General_Game_Playing_14_min.mp4","11394499","ReadOnly, Archive, Sparse_File (545)","30/09/2019 04:54:57.5118665","30/09/2019 04:48:33.6989558","30/09/2019 04:55:00.8939361","file:C:/Users/Professor Moriarty/Downloads/intrologic-006/11_General_Game_Playing/04_General_Game_Playing_14_min.mp4","11_General_Game_Playing","1","75528","{00001610-0000-0010-8000-00AA00389B71}","44100","16","DESKTOP-HL2LCVA","video/mp4","False","01/01/1970 00:00:00.0000000","30/09/2019 04:48:34.0000000","30/09/2019 04:48:34.0000000","30/09/2019 04:54:57.5118665",".mp4","DESKTOP-HL2LCVA\Professor Moriarty","6","False","False","False","01/01/1970 00:00:00.0000000","C:\Users\Professor Moriarty\Downloads\intrologic-006\11_General_Game_Playing","11_General_Game_Playing (C:\Users\Professor Moriarty\Downloads\intrologic-006)","04_General_Game_Playing_14_min.mp4","04_General_Game_Playing_14_min.mp4","04_General_Game_Playing_14_min","C:\Users\Professor Moriarty\Downloads\intrologic-006\11_General_Game_Playing\04_General_Game_Playing_14_min.mp4","04_General_Game_Playing_14_min (C:\Users\Professor Moriarty\Downloads\intrologic-006\11_General_Game_Playing)",".mp4","video","Video","video/mp4","01/01/1970 00:00:00.0000000","AVC_MP4_HP_HD_AAC","00:00:13:36 (8168550000)","False","04_General_Game_Playing_14_min.mp4","1077936503","0","30/09/2019 04:55:02.7894923","0,015625","file","17F414CFEFF19BD5","{34363248-0000-0010-8000-00AA00389B71}","27344","875967048","540","29970","960","1","False","False","0","102872","1","eda0f2ba-fb47-4cd4-b875-e076904e8ed9","MP4 Video","4594"
"D4289DB6F6E2901CDED4A4AA9E7458A5","261263121813","02_4.2_Linear_Proofs_8_min.mp4","6559654","ReadOnly, Archive, Sparse_File (545)","30/09/2019 04:55:00.7619188","30/09/2019 04:46:07.4135676","30/09/2019 04:55:01.6648106","file:C:/Users/Professor Moriarty/Downloads/intrologic-006/04_Lesson_4_-_Propositional_Proofs/02_4.2_Linear_Proofs_8_min.mp4","04_Lesson_4_-_Propositional_Proofs","1","75216","{00001610-0000-0010-8000-00AA00389B71}","44100","16","DESKTOP-HL2LCVA","video/mp4","False","01/01/1970 00:00:00.0000000","30/09/2019 04:46:08.0000000","30/09/2019 04:46:08.0000000","30/09/2019 04:55:00.7619188",".mp4","DESKTOP-HL2LCVA\Professor Moriarty","6","False","False","False","01/01/1970 00:00:00.0000000","C:\Users\Professor Moriarty\Downloads\intrologic-006\04_Lesson_4_-_Propositional_Proofs","04_Lesson_4_-_Propositional_Proofs (C:\Users\Professor Moriarty\Downloads\intrologic-006)","02_4.2_Linear_Proofs_8_min.mp4","02_4.2_Linear_Proofs_8_min.mp4","02_4.2_Linear_Proofs_8_min","C:\Users\Professor Moriarty\Downloads\intrologic-006\04_Lesson_4_-_Propositional_Proofs\02_4.2_Linear_Proofs_8_min.mp4","02_4.2_Linear_Proofs_8_min (C:\Users\Professor Moriarty\Downloads\intrologic-006\04_Lesson_4_-_Propositional_Proofs)",".mp4","video","Video","video/mp4","01/01/1970 00:00:00.0000000","AVC_MP4_HP_HD_AAC","00:00:07:53 (4739660000)","False","02_4.2_Linear_Proofs_8_min.mp4","1077936503","0","30/09/2019 04:55:02.7543185","0","file","B55B65ACCC78137D","{34363248-0000-0010-8000-00AA00389B71}","26808","875967048","540","29970","960","1","False","False","0","102024","1","eda0f2ba-fb47-4cd4-b875-e076904e8ed9","MP4 Video","4601"
"774E01D5C3040F953EB29ED386760670","261263121813","05_4.5_Soundness_and_Completeness_2_min.mp4","2027111","ReadOnly, Archive, Sparse_File (545)","30/09/2019 04:52:29.4620712","30/09/2019 04:46:24.2201938","30/09/2019 04:52:29.6846733","file:C:/Users/Professor Moriarty/Downloads/intrologic-006/04_Lesson_4_-_Propositional_Proofs/05_4.5_Soundness_and_Completeness_2_min.mp4","04_Lesson_4_-_Propositional_Proofs","1","73584","{00001610-0000-0010-8000-00AA00389B71}","44100","16","DESKTOP-HL2LCVA","video/mp4","False","01/01/1970 00:00:00.0000000","30/09/2019 04:46:26.0000000","30/09/2019 04:46:26.0000000","30/09/2019 04:52:29.4620712",".mp4","DESKTOP-HL2LCVA\Professor Moriarty","6","False","False","False","01/01/1970 00:00:00.0000000","C:\Users\Professor Moriarty\Downloads\intrologic-006\04_Lesson_4_-_Propositional_Proofs","04_Lesson_4_-_Propositional_Proofs (C:\Users\Professor Moriarty\Downloads\intrologic-006)","05_4.5_Soundness_and_Completeness_2_min.mp4","05_4.5_Soundness_and_Completeness_2_min.mp4","05_4.5_Soundness_and_Completeness_2_min","C:\Users\Professor Moriarty\Downloads\intrologic-006\04_Lesson_4_-_Propositional_Proofs\05_4.5_Soundness_and_Completeness_2_min.mp4","05_4.5_Soundness_and_Completeness_2_min (C:\Users\Professor Moriarty\Downloads\intrologic-006\04_Lesson_4_-_Propositional_Proofs)",".mp4","video","Video","video/mp4","01/01/1970 00:00:00.0000000","AVC_MP4_HP_HD_AAC","00:00:02:23 (1431050000)","False","05_4.5_Soundness_and_Completeness_2_min.mp4","1077936503","0","30/09/2019 04:55:02.7297212","0,015625","file","6AE1E6888AE0FD60","{34363248-0000-0010-8000-00AA00389B71}","31048","875967048","540","29970","960","1","False","False","0","104632","1","eda0f2ba-fb47-4cd4-b875-e076904e8ed9","MP4 Video","4603"
"E3F92D051D0C97B503D7BE798F481079","261263121813","04_Fitch_with_Equality_3_min.mp4","2484101","ReadOnly, Archive, Sparse_File (545)","30/09/2019 04:51:08.3215651","30/09/2019 04:47:57.2553772","30/09/2019 04:51:09.3015072","file:C:/Users/Professor Moriarty/Downloads/intrologic-006/09_Equality/04_Fitch_with_Equality_3_min.mp4","09_Equality","1","74152","{00001610-0000-0010-8000-00AA00389B71}","44100","16","DESKTOP-HL2LCVA","video/mp4","False",,"30/09/2019 04:47:58.0000000","30/09/2019 04:47:58.0000000","30/09/2019 04:51:08.3215651",".mp4","DESKTOP-HL2LCVA\Professor Moriarty","6","False","False","False","30/09/2019 04:47:58.0000000","C:\Users\Professor Moriarty\Downloads\intrologic-006\09_Equality","09_Equality (C:\Users\Professor Moriarty\Downloads\intrologic-006)","04_Fitch_with_Equality_3_min.mp4","04_Fitch_with_Equality_3_min.mp4","04_Fitch_with_Equality_3_min","C:\Users\Professor Moriarty\Downloads\intrologic-006\09_Equality\04_Fitch_with_Equality_3_min.mp4","04_Fitch_with_Equality_3_min (C:\Users\Professor Moriarty\Downloads\intrologic-006\09_Equality)",".mp4","video","Video","video/mp4",,"AVC_MP4_HP_HD_AAC","00:00:03:22 (2027340000)","False","04_Fitch_with_Equality_3_min.mp4","1077936503","0","30/09/2019 04:55:02.6939224","0","file","B995D171B37302E5","{34363248-0000-0010-8000-00AA00389B71}","15008","875967048","540","29970","960","1","False","False","0","89160","1","eda0f2ba-fb47-4cd4-b875-e076904e8ed9","MP4 Video","4606"
"FBA8E9AC1CED54A17B962FAB54BC8511","261263121813","05_Philosophical_Remarks_5_min.mp4","4823881","ReadOnly, Archive, Sparse_File (545)","30/09/2019 04:53:14.0204414","30/09/2019 04:48:37.0429515","30/09/2019 04:53:14.9859869","file:C:/Users/Professor Moriarty/Downloads/intrologic-006/11_General_Game_Playing/05_Philosophical_Remarks_5_min.mp4","11_General_Game_Playing","1","74776","{00001610-0000-0010-8000-00AA00389B71}","44100","16","DESKTOP-HL2LCVA","video/mp4","False","01/01/1970 00:00:00.0000000","30/09/2019 04:48:38.0000000","30/09/2019 04:48:38.0000000","30/09/2019 04:53:14.0204414",".mp4","DESKTOP-HL2LCVA\Professor Moriarty","6","False","False","False","01/01/1970 00:00:00.0000000","C:\Users\Professor Moriarty\Downloads\intrologic-006\11_General_Game_Playing","11_General_Game_Playing (C:\Users\Professor Moriarty\Downloads\intrologic-006)","05_Philosophical_Remarks_5_min.mp4","05_Philosophical_Remarks_5_min.mp4","05_Philosophical_Remarks_5_min","C:\Users\Professor Moriarty\Downloads\intrologic-006\11_General_Game_Playing\05_Philosophical_Remarks_5_min.mp4","05_Philosophical_Remarks_5_min (C:\Users\Professor Moriarty\Downloads\intrologic-006\11_General_Game_Playing)",".mp4","video","Video","video/mp4","01/01/1970 00:00:00.0000000","AVC_MP4_HP_HD_AAC","00:00:05:11 (3116590000)","False","05_Philosophical_Remarks_5_min.mp4","1077936503","0","30/09/2019 04:55:02.6658645","0,015625","file","6DDF0268F9F4B444","{34363248-0000-0010-8000-00AA00389B71}","40200","875967048","540","29970","960","1","False","False","0","114976","1","eda0f2ba-fb47-4cd4-b875-e076904e8ed9","MP4 Video","4607"
"C16851DE7B20C97E4F23833D661D08E3","261263121813","03_Substitution_3_min.mp4","2671397","ReadOnly, Archive, Sparse_File (545)","30/09/2019 04:50:48.5211541","30/09/2019 04:47:51.9798958","30/09/2019 04:50:49.5710920","file:C:/Users/Professor Moriarty/Downloads/intrologic-006/09_Equality/03_Substitution_3_min.mp4","09_Equality","1","74112","{00001610-0000-0010-8000-00AA00389B71}","44100","16","DESKTOP-HL2LCVA","video/mp4","False",,"30/09/2019 04:47:52.0000000","30/09/2019 04:47:52.0000000","30/09/2019 04:50:48.5211541",".mp4","DESKTOP-HL2LCVA\Professor Moriarty","6","False","False","False","30/09/2019 04:47:52.0000000","C:\Users\Professor Moriarty\Downloads\intrologic-006\09_Equality","09_Equality (C:\Users\Professor Moriarty\Downloads\intrologic-006)","03_Substitution_3_min.mp4","03_Substitution_3_min.mp4","03_Substitution_3_min","C:\Users\Professor Moriarty\Downloads\intrologic-006\09_Equality\03_Substitution_3_min.mp4","03_Substitution_3_min (C:\Users\Professor Moriarty\Downloads\intrologic-006\09_Equality)",".mp4","video","Video","video/mp4",,"AVC_MP4_HP_HD_AAC","00:00:03:16 (1968040000)","False","03_Substitution_3_min.mp4","1077936503","0","30/09/2019 04:55:02.6418715","0,015625","file","F5838C8623D0E1EE","{34363248-0000-0010-8000-00AA00389B71}","25640","875967048","540","29970","960","1","False","False","0","99752","1","eda0f2ba-fb47-4cd4-b875-e076904e8ed9","MP4 Video","4608"
"17C12EAE29AF4744A3C9A825107F2831","261263121813","02_Game_Description_8_min.mp4","7325870","ReadOnly, Archive, Sparse_File (545)","30/09/2019 04:54:58.3813986","30/09/2019 04:48:18.9933591","30/09/2019 04:55:00.6056676","file:C:/Users/Professor Moriarty/Downloads/intrologic-006/11_General_Game_Playing/02_Game_Description_8_min.mp4","11_General_Game_Playing","1","75232","{00001610-0000-0010-8000-00AA00389B71}","44100","16","DESKTOP-HL2LCVA","video/mp4","False","01/01/1970 00:00:00.0000000","30/09/2019 04:48:20.0000000","30/09/2019 04:48:20.0000000","30/09/2019 04:54:58.3813986",".mp4","DESKTOP-HL2LCVA\Professor Moriarty","6","False","False","False","01/01/1970 00:00:00.0000000","C:\Users\Professor Moriarty\Downloads\intrologic-006\11_General_Game_Playing","11_General_Game_Playing (C:\Users\Professor Moriarty\Downloads\intrologic-006)","02_Game_Description_8_min.mp4","02_Game_Description_8_min.mp4","02_Game_Description_8_min","C:\Users\Professor Moriarty\Downloads\intrologic-006\11_General_Game_Playing\02_Game_Description_8_min.mp4","02_Game_Description_8_min (C:\Users\Professor Moriarty\Downloads\intrologic-006\11_General_Game_Playing)",".mp4","video","Video","video/mp4","01/01/1970 00:00:00.0000000","AVC_MP4_HP_HD_AAC","00:00:08:18 (4988120000)","False","02_Game_Description_8_min.mp4","1077936503","0","30/09/2019 04:55:02.6178634","0","file","EB14230A1712B991","{34363248-0000-0010-8000-00AA00389B71}","33504","875967048","540","29970","960","1","False","False","0","108736","1","eda0f2ba-fb47-4cd4-b875-e076904e8ed9","MP4 Video","4610"
"F9945201F1C9A8535E920AD93FBA30C0","261263121813","03_10.3_Linear_Induction_7_min.mp4","5255977","ReadOnly, Archive, Sparse_File (545)","30/09/2019 04:53:07.5271653","30/09/2019 04:47:35.5415620","30/09/2019 04:53:08.5151720","file:C:/Users/Professor Moriarty/Downloads/intrologic-006/08_Lesson_10_-_Induction/03_10.3_Linear_Induction_7_min.mp4","08_Lesson_10_-_Induction","1","75096","{00001610-0000-0010-8000-00AA00389B71}","44100","16","DESKTOP-HL2LCVA","video/mp4","False","01/01/1970 00:00:00.0000000","30/09/2019 04:47:36.0000000","30/09/2019 04:47:36.0000000","30/09/2019 04:53:07.5271653",".mp4","DESKTOP-HL2LCVA\Professor Moriarty","6","False","False","False","01/01/1970 00:00:00.0000000","C:\Users\Professor Moriarty\Downloads\intrologic-006\08_Lesson_10_-_Induction","08_Lesson_10_-_Induction (C:\Users\Professor Moriarty\Downloads\intrologic-006)","03_10.3_Linear_Induction_7_min.mp4","03_10.3_Linear_Induction_7_min.mp4","03_10.3_Linear_Induction_7_min","C:\Users\Professor Moriarty\Downloads\intrologic-006\08_Lesson_10_-_Induction\03_10.3_Linear_Induction_7_min.mp4","03_10.3_Linear_Induction_7_min (C:\Users\Professor Moriarty\Downloads\intrologic-006\08_Lesson_10_-_Induction)",".mp4","video","Video","video/mp4","01/01/1970 00:00:00.0000000","AVC_MP4_HP_HD_AAC","00:00:06:45 (4059550000)","False","03_10.3_Linear_Induction_7_min.mp4","1077936503","0","30/09/2019 04:55:02.5978637","0","file","F3045F5EF62CFB1F","{34363248-0000-0010-8000-00AA00389B71}","19752","875967048","540","29970","960","1","False","False","0","94848","1","eda0f2ba-fb47-4cd4-b875-e076904e8ed9","MP4 Video","4612"
"786F81688FF822C7822697A7EC5A5793","261263121813","04_10.4_Tree_Induction_4_min.mp4","3432334","ReadOnly, Archive, Sparse_File (545)","30/09/2019 04:54:06.3156885","30/09/2019 04:47:39.5942122","30/09/2019 04:54:09.2416727","file:C:/Users/Professor Moriarty/Downloads/intrologic-006/08_Lesson_10_-_Induction/04_10.4_Tree_Induction_4_min.mp4","08_Lesson_10_-_Induction","1","74552","{00001610-0000-0010-8000-00AA00389B71}","44100","16","DESKTOP-HL2LCVA","video/mp4","False","01/01/1970 00:00:00.0000000","30/09/2019 04:47:40.0000000","30/09/2019 04:47:40.0000000","30/09/2019 04:54:06.3156885",".mp4","DESKTOP-HL2LCVA\Professor Moriarty","6","False","False","False","01/01/1970 00:00:00.0000000","C:\Users\Professor Moriarty\Downloads\intrologic-006\08_Lesson_10_-_Induction","08_Lesson_10_-_Induction (C:\Users\Professor Moriarty\Downloads\intrologic-006)","04_10.4_Tree_Induction_4_min.mp4","04_10.4_Tree_Induction_4_min.mp4","04_10.4_Tree_Induction_4_min","C:\Users\Professor Moriarty\Downloads\intrologic-006\08_Lesson_10_-_Induction\04_10.4_Tree_Induction_4_min.mp4","04_10.4_Tree_Induction_4_min (C:\Users\Professor Moriarty\Downloads\intrologic-006\08_Lesson_10_-_Induction)",".mp4","video","Video","video/mp4","01/01/1970 00:00:00.0000000","AVC_MP4_HP_HD_AAC","00:00:04:24 (2647540000)","False","04_10.4_Tree_Induction_4_min.mp4","1077936503","0","30/09/2019 04:55:02.5593786","0,015625","file","4534958309998354","{34363248-0000-0010-8000-00AA00389B71}","20368","875967048","540","29970","960","1","False","False","0","94920","1","eda0f2ba-fb47-4cd4-b875-e076904e8ed9","MP4 Video","4613"
"353B489FB757248D3484AEE07487107C","261263121813","01_10.1_Induction_3_min.mp4","3611656","ReadOnly, Archive, Sparse_File (545)","30/09/2019 04:53:07.5956995","30/09/2019 04:47:29.9658525","30/09/2019 04:53:08.5307480","file:C:/Users/Professor Moriarty/Downloads/intrologic-006/08_Lesson_10_-_Induction/01_10.1_Induction_3_min.mp4","08_Lesson_10_-_Induction","1","128160","{00001610-0000-0010-8000-00AA00389B71}","44100","16","DESKTOP-HL2LCVA","video/mp4","False",,"30/09/2019 04:47:30.0000000","30/09/2019 04:47:30.0000000","30/09/2019 04:53:07.5956995",".mp4","DESKTOP-HL2LCVA\Professor Moriarty","6","False","False","False","30/09/2019 04:47:30.0000000","C:\Users\Professor Moriarty\Downloads\intrologic-006\08_Lesson_10_-_Induction","08_Lesson_10_-_Induction (C:\Users\Professor Moriarty\Downloads\intrologic-006)","01_10.1_Induction_3_min.mp4","01_10.1_Induction_3_min.mp4","01_10.1_Induction_3_min","C:\Users\Professor Moriarty\Downloads\intrologic-006\08_Lesson_10_-_Induction\01_10.1_Induction_3_min.mp4","01_10.1_Induction_3_min (C:\Users\Professor Moriarty\Downloads\intrologic-006\08_Lesson_10_-_Induction)",".mp4","video","Video","video/mp4",,"AVC_MP4_MP_HD_720p_AAC","00:00:03:01 (1812320000)","False","01_10.1_Induction_3_min.mp4","1077936503","0","30/09/2019 04:55:02.5393371","0,015625","file","DC8DBE4617F5A437","{34363248-0000-0010-8000-00AA00389B71}","22712","875967048","540","29970","960","1","False","False","0","150872","1","eda0f2ba-fb47-4cd4-b875-e076904e8ed9","MP4 Video","4614"
"5446B85607F06F1BC543AF4AE90CF29D","261263121813","03_Game_Management_2_min.mp4","2354779","ReadOnly, Archive, Sparse_File (545)","30/09/2019 04:54:10.2602760","30/09/2019 04:48:28.1426639","30/09/2019 04:54:11.4793768","file:C:/Users/Professor Moriarty/Downloads/intrologic-006/11_General_Game_Playing/03_Game_Management_2_min.mp4","11_General_Game_Playing","1","73864","{00001610-0000-0010-8000-00AA00389B71}","44100","16","DESKTOP-HL2LCVA","video/mp4","False","01/01/1970 00:00:00.0000000","30/09/2019 04:48:30.0000000","30/09/2019 04:48:30.0000000","30/09/2019 04:54:10.2602760",".mp4","DESKTOP-HL2LCVA\Professor Moriarty","6","False","False","False","01/01/1970 00:00:00.0000000","C:\Users\Professor Moriarty\Downloads\intrologic-006\11_General_Game_Playing","11_General_Game_Playing (C:\Users\Professor Moriarty\Downloads\intrologic-006)","03_Game_Management_2_min.mp4","03_Game_Management_2_min.mp4","03_Game_Management_2_min","C:\Users\Professor Moriarty\Downloads\intrologic-006\11_General_Game_Playing\03_Game_Management_2_min.mp4","03_Game_Management_2_min (C:\Users\Professor Moriarty\Downloads\intrologic-006\11_General_Game_Playing)",".mp4","video","Video","video/mp4","01/01/1970 00:00:00.0000000","AVC_MP4_HP_HD_AAC","00:00:02:55 (1756830000)","False","03_Game_Management_2_min.mp4","1077936503","0","30/09/2019 04:55:02.5193334","0,015625","file","132E0F41CA26B7EE","{34363248-0000-0010-8000-00AA00389B71}","24440","875967048","540","29970","960","1","False","False","0","98304","1","eda0f2ba-fb47-4cd4-b875-e076904e8ed9","MP4 Video","4615"
"E2FB20116B86C039D46BF24E639109EB","261263121813","04_9.4_Resolution_Principle_7_min.mp4","5437592","ReadOnly, Archive, Sparse_File (545)","30/09/2019 04:53:24.4807806","30/09/2019 04:47:12.3894138","30/09/2019 04:53:24.7662192","file:C:/Users/Professor Moriarty/Downloads/intrologic-006/07_Lesson_9_-_Resolution/04_9.4_Resolution_Principle_7_min.mp4","07_Lesson_9_-_Resolution","1","75200","{00001610-0000-0010-8000-00AA00389B71}","44100","16","DESKTOP-HL2LCVA","video/mp4","False",,"30/09/2019 04:47:14.0000000","30/09/2019 04:47:14.0000000","30/09/2019 04:53:24.4807806",".mp4","DESKTOP-HL2LCVA\Professor Moriarty","6","False","False","False","30/09/2019 04:47:14.0000000","C:\Users\Professor Moriarty\Downloads\intrologic-006\07_Lesson_9_-_Resolution","07_Lesson_9_-_Resolution (C:\Users\Professor Moriarty\Downloads\intrologic-006)","04_9.4_Resolution_Principle_7_min.mp4","04_9.4_Resolution_Principle_7_min.mp4","04_9.4_Resolution_Principle_7_min","C:\Users\Professor Moriarty\Downloads\intrologic-006\07_Lesson_9_-_Resolution\04_9.4_Resolution_Principle_7_min.mp4","04_9.4_Resolution_Principle_7_min (C:\Users\Professor Moriarty\Downloads\intrologic-006\07_Lesson_9_-_Resolution)",".mp4","video","Video","video/mp4",,"AVC_MP4_HP_HD_AAC","00:00:07:03 (4233639999)","False","04_9.4_Resolution_Principle_7_min.mp4","1077936503","0","30/09/2019 04:55:02.4893439","0","file","4C6925527548D4DE","{34363248-0000-0010-8000-00AA00389B71}","18912","875967048","540","29970","960","1","False","False","0","94112","1","eda0f2ba-fb47-4cd4-b875-e076904e8ed9","MP4 Video","4616"
"0775BAE0C88B1C4D57986CB9F2F9ACEC","261263121813","02_8.2_Proofs_10_min.mp4","8741525","ReadOnly, Archive, Sparse_File (545)","30/09/2019 04:54:24.9295771","30/09/2019 04:46:45.6046371","30/09/2019 04:54:27.1226678","file:C:/Users/Professor Moriarty/Downloads/intrologic-006/06_Lesson_8_-_Relational_Logic_Proofs/02_8.2_Proofs_10_min.mp4","06_Lesson_8_-_Relational_Logic_Proofs","1","75432","{00001610-0000-0010-8000-00AA00389B71}","44100","16","DESKTOP-HL2LCVA","video/mp4","False",,"30/09/2019 04:46:46.0000000","30/09/2019 04:46:46.0000000","30/09/2019 04:54:24.9295771",".mp4","DESKTOP-HL2LCVA\Professor Moriarty","6","False","False","False","30/09/2019 04:46:46.0000000","C:\Users\Professor Moriarty\Downloads\intrologic-006\06_Lesson_8_-_Relational_Logic_Proofs","06_Lesson_8_-_Relational_Logic_Proofs (C:\Users\Professor Moriarty\Downloads\intrologic-006)","02_8.2_Proofs_10_min.mp4","02_8.2_Proofs_10_min.mp4","02_8.2_Proofs_10_min","C:\Users\Professor Moriarty\Downloads\intrologic-006\06_Lesson_8_-_Relational_Logic_Proofs\02_8.2_Proofs_10_min.mp4","02_8.2_Proofs_10_min (C:\Users\Professor Moriarty\Downloads\intrologic-006\06_Lesson_8_-_Relational_Logic_Proofs)",".mp4","video","Video","video/mp4",,"AVC_MP4_HP_HD_AAC","00:00:10:58 (6583620000)","False","02_8.2_Proofs_10_min.mp4","1077936503","0","30/09/2019 04:55:02.4733286","0","file","AB9270759DA7C80A","{34363248-0000-0010-8000-00AA00389B71}","22136","875967048","540","29970","960","1","False","False","0","97568","1","eda0f2ba-fb47-4cd4-b875-e076904e8ed9","MP4 Video","4617"
"3A1291C4B9407C1629FD784683C4E6B1","261263121813","05_5.5_Box_Logic_out_of_focus.mp4","9002386","ReadOnly, Archive, Sparse_File (545)","30/09/2019 04:55:00.4534557","30/09/2019 04:46:39.8571985","30/09/2019 04:55:01.6272426","file:C:/Users/Professor Moriarty/Downloads/intrologic-006/05_Lesson_5_-_Propositional_Resolution/05_5.5_Box_Logic_out_of_focus.mp4","05_Lesson_5_-_Propositional_Resolution","1","74520","{00001610-0000-0010-8000-00AA00389B71}","44100","16","DESKTOP-HL2LCVA","video/mp4","False","01/01/1970 00:00:00.0000000","30/09/2019 04:46:40.0000000","30/09/2019 04:46:40.0000000","30/09/2019 04:55:00.4534557",".mp4","DESKTOP-HL2LCVA\Professor Moriarty","6","False","False","False","01/01/1970 00:00:00.0000000","C:\Users\Professor Moriarty\Downloads\intrologic-006\05_Lesson_5_-_Propositional_Resolution","05_Lesson_5_-_Propositional_Resolution (C:\Users\Professor Moriarty\Downloads\intrologic-006)","05_5.5_Box_Logic_out_of_focus.mp4","05_5.5_Box_Logic_out_of_focus.mp4","05_5.5_Box_Logic_out_of_focus","C:\Users\Professor Moriarty\Downloads\intrologic-006\05_Lesson_5_-_Propositional_Resolution\05_5.5_Box_Logic_out_of_focus.mp4","05_5.5_Box_Logic_out_of_focus (C:\Users\Professor Moriarty\Downloads\intrologic-006\05_Lesson_5_-_Propositional_Resolution)",".mp4","video","Video","video/mp4","01/01/1970 00:00:00.0000000","AVC_MP4_HP_HD_AAC","00:00:04:21 (2616200000)","False","05_5.5_Box_Logic_out_of_focus.mp4","1077936503","0","30/09/2019 04:55:02.4413031","0,015625","file","5B00F272E419A3D5","{34363248-0000-0010-8000-00AA00389B71}","192768","875967048","540","29970","960","1","False","False","0","267288","1","eda0f2ba-fb47-4cd4-b875-e076904e8ed9","MP4 Video","4618"
"BC61489683BDC05691EFDA9C7C2EBE78","261263121813","04_8.4_Example_4_min.mp4","3192868","ReadOnly, Archive, Sparse_File (545)","30/09/2019 04:51:37.3475623","30/09/2019 04:46:53.4996577","30/09/2019 04:51:39.5812163","file:C:/Users/Professor Moriarty/Downloads/intrologic-006/06_Lesson_8_-_Relational_Logic_Proofs/04_8.4_Example_4_min.mp4","06_Lesson_8_-_Relational_Logic_Proofs","1","74576","{00001610-0000-0010-8000-00AA00389B71}","44100","16","DESKTOP-HL2LCVA","video/mp4","False",,"30/09/2019 04:46:54.0000000","30/09/2019 04:46:54.0000000","30/09/2019 04:51:37.3475623",".mp4","DESKTOP-HL2LCVA\Professor Moriarty","6","False","False","False","30/09/2019 04:46:54.0000000","C:\Users\Professor Moriarty\Downloads\intrologic-006\06_Lesson_8_-_Relational_Logic_Proofs","06_Lesson_8_-_Relational_Logic_Proofs (C:\Users\Professor Moriarty\Downloads\intrologic-006)","04_8.4_Example_4_min.mp4","04_8.4_Example_4_min.mp4","04_8.4_Example_4_min","C:\Users\Professor Moriarty\Downloads\intrologic-006\06_Lesson_8_-_Relational_Logic_Proofs\04_8.4_Example_4_min.mp4","04_8.4_Example_4_min (C:\Users\Professor Moriarty\Downloads\intrologic-006\06_Lesson_8_-_Relational_Logic_Proofs)",".mp4","video","Video","video/mp4",,"AVC_MP4_HP_HD_AAC","00:00:03:49 (2294570000)","False","04_8.4_Example_4_min.mp4","1077936503","0","30/09/2019 04:55:02.4253024","0,015625","file","C48F85923F34182A","{34363248-0000-0010-8000-00AA00389B71}","28216","875967048","540","29970","960","1","False","False","0","102792","1","eda0f2ba-fb47-4cd4-b875-e076904e8ed9","MP4 Video","4620"
"A98796A246656DABE3030280FE45944D","261263121813","05_1.5_Study_Guide_4_min.mp4","3431263","ReadOnly, Archive, Sparse_File (545)","30/09/2019 04:52:28.4576284","30/09/2019 04:45:22.6589830","30/09/2019 04:52:28.6270586","file:C:/Users/Professor Moriarty/Downloads/intrologic-006/01_Lesson_1_-_Introduction/05_1.5_Study_Guide_4_min.mp4","01_Lesson_1_-_Introduction","1","80024","{00001610-0000-0010-8000-00AA00389B71}","48000","16","DESKTOP-HL2LCVA","video/mp4","False","01/01/1970 00:00:00.0000000","30/09/2019 04:45:24.0000000","30/09/2019 04:45:24.0000000","30/09/2019 04:52:28.4576284",".mp4","DESKTOP-HL2LCVA\Professor Moriarty","6","False","False","False","01/01/1970 00:00:00.0000000","C:\Users\Professor Moriarty\Downloads\intrologic-006\01_Lesson_1_-_Introduction","01_Lesson_1_-_Introduction (C:\Users\Professor Moriarty\Downloads\intrologic-006)","05_1.5_Study_Guide_4_min.mp4","05_1.5_Study_Guide_4_min.mp4","05_1.5_Study_Guide_4_min","C:\Users\Professor Moriarty\Downloads\intrologic-006\01_Lesson_1_-_Introduction\05_1.5_Study_Guide_4_min.mp4","05_1.5_Study_Guide_4_min (C:\Users\Professor Moriarty\Downloads\intrologic-006\01_Lesson_1_-_Introduction)",".mp4","video","Video","video/mp4","01/01/1970 00:00:00.0000000","AVC_MP4_HP_HD_AAC","00:00:04:28 (2683310000)","False","05_1.5_Study_Guide_4_min.mp4","1077936503","0","30/09/2019 04:55:02.3973429","0","file","ADB2AF7519D90E02","{34363248-0000-0010-8000-00AA00389B71}","16152","875967048","540","25000","960","1","False","False","0","96176","1","eda0f2ba-fb47-4cd4-b875-e076904e8ed9","MP4 Video","4621"
"601D43133796B50F2DDC30DF85B45542","261263121813","03_2.3_Semantics_10_min.mp4","8099575","ReadOnly, Archive, Sparse_File (545)","30/09/2019 04:54:41.2595266","30/09/2019 04:45:45.3315460","30/09/2019 04:54:41.4131953","file:C:/Users/Professor Moriarty/Downloads/intrologic-006/02_Lesson_2_-_Propositional_Logic/03_2.3_Semantics_10_min.mp4","02_Lesson_2_-_Propositional_Logic","1","82056","{00001610-0000-0010-8000-00AA00389B71}","48000","16","DESKTOP-HL2LCVA","video/mp4","False","01/01/1970 00:00:00.0000000","30/09/2019 04:45:46.0000000","30/09/2019 04:45:46.0000000","30/09/2019 04:54:41.2595266",".mp4","DESKTOP-HL2LCVA\Professor Moriarty","6","False","False","False","01/01/1970 00:00:00.0000000","C:\Users\Professor Moriarty\Downloads\intrologic-006\02_Lesson_2_-_Propositional_Logic","02_Lesson_2_-_Propositional_Logic (C:\Users\Professor Moriarty\Downloads\intrologic-006)","03_2.3_Semantics_10_min.mp4","03_2.3_Semantics_10_min.mp4","03_2.3_Semantics_10_min","C:\Users\Professor Moriarty\Downloads\intrologic-006\02_Lesson_2_-_Propositional_Logic\03_2.3_Semantics_10_min.mp4","03_2.3_Semantics_10_min (C:\Users\Professor Moriarty\Downloads\intrologic-006\02_Lesson_2_-_Propositional_Logic)",".mp4","video","Video","video/mp4","01/01/1970 00:00:00.0000000","AVC_MP4_HP_HD_AAC","00:00:10:00 (6003200000)","False","03_2.3_Semantics_10_min.mp4","1077936503","0","30/09/2019 04:55:02.3734836","0,03125","file","9227A09D8C9DB3BA","{34363248-0000-0010-8000-00AA00389B71}","19712","875967048","540","25000","960","1","False","False","0","101768","1","eda0f2ba-fb47-4cd4-b875-e076904e8ed9","MP4 Video","4622"
"0DBCD646ADCE065AC37A5DC3915660A2","261263121813","02_2.2_Syntax_7_min.mp4","6056198","ReadOnly, Archive, Sparse_File (545)","30/09/2019 04:54:57.4962812","30/09/2019 04:45:33.6565843","30/09/2019 04:54:58.3501138","file:C:/Users/Professor Moriarty/Downloads/intrologic-006/02_Lesson_2_-_Propositional_Logic/02_2.2_Syntax_7_min.mp4","02_Lesson_2_-_Propositional_Logic","1","75056","{00001610-0000-0010-8000-00AA00389B71}","44100","16","DESKTOP-HL2LCVA","video/mp4","False","01/01/1970 00:00:00.0000000","30/09/2019 04:45:34.0000000","30/09/2019 04:45:34.0000000","30/09/2019 04:54:57.4962812",".mp4","DESKTOP-HL2LCVA\Professor Moriarty","6","False","False","False","01/01/1970 00:00:00.0000000","C:\Users\Professor Moriarty\Downloads\intrologic-006\02_Lesson_2_-_Propositional_Logic","02_Lesson_2_-_Propositional_Logic (C:\Users\Professor Moriarty\Downloads\intrologic-006)","02_2.2_Syntax_7_min.mp4","02_2.2_Syntax_7_min.mp4","02_2.2_Syntax_7_min","C:\Users\Professor Moriarty\Downloads\intrologic-006\02_Lesson_2_-_Propositional_Logic\02_2.2_Syntax_7_min.mp4","02_2.2_Syntax_7_min (C:\Users\Professor Moriarty\Downloads\intrologic-006\02_Lesson_2_-_Propositional_Logic)",".mp4","video","Video","video/mp4","01/01/1970 00:00:00.0000000","AVC_MP4_HP_HD_AAC","00:00:07:08 (4285480000)","False","02_2.2_Syntax_7_min.mp4","1077936503","0","30/09/2019 04:55:02.3494828","0","file","DD0301BFF83502BA","{34363248-0000-0010-8000-00AA00389B71}","29168","875967048","540","29970","960","1","False","False","0","104224","1","eda0f2ba-fb47-4cd4-b875-e076904e8ed9","MP4 Video","4623"
"E60A7637DE66B4569E9E961FD4F55F9B","261263121813","01_8.1_Relational_Logic_Proofs_2_min.mp4","1764318","ReadOnly, Archive, Sparse_File (545)","30/09/2019 04:52:26.2043206","30/09/2019 04:46:44.8734735","30/09/2019 04:52:27.9557458","file:C:/Users/Professor Moriarty/Downloads/intrologic-006/06_Lesson_8_-_Relational_Logic_Proofs/01_8.1_Relational_Logic_Proofs_2_min.mp4","06_Lesson_8_-_Relational_Logic_Proofs","1","73624","{00001610-0000-0010-8000-00AA00389B71}","44100","16","DESKTOP-HL2LCVA","video/mp4","False",,"30/09/2019 04:46:46.0000000","30/09/2019 04:46:46.0000000","30/09/2019 04:52:26.2043206",".mp4","DESKTOP-HL2LCVA\Professor Moriarty","6","False","False","False","30/09/2019 04:46:46.0000000","C:\Users\Professor Moriarty\Downloads\intrologic-006\06_Lesson_8_-_Relational_Logic_Proofs","06_Lesson_8_-_Relational_Logic_Proofs (C:\Users\Professor Moriarty\Downloads\intrologic-006)","01_8.1_Relational_Logic_Proofs_2_min.mp4","01_8.1_Relational_Logic_Proofs_2_min.mp4","01_8.1_Relational_Logic_Proofs_2_min","C:\Users\Professor Moriarty\Downloads\intrologic-006\06_Lesson_8_-_Relational_Logic_Proofs\01_8.1_Relational_Logic_Proofs_2_min.mp4","01_8.1_Relational_Logic_Proofs_2_min (C:\Users\Professor Moriarty\Downloads\intrologic-006\06_Lesson_8_-_Relational_Logic_Proofs)",".mp4","video","Video","video/mp4",,"AVC_MP4_HP_HD_AAC","00:00:02:16 (1364090000)","False","01_8.1_Relational_Logic_Proofs_2_min.mp4","1077936503","0","30/09/2019 04:55:02.2447308","0","file","BEF7D6AAA426FF21","{34363248-0000-0010-8000-00AA00389B71}","21360","875967048","540","29970","960","1","False","False","0","94984","1","eda0f2ba-fb47-4cd4-b875-e076904e8ed9","MP4 Video","4666"
"7BC62C3A722A897F30A22F3964D338AB","261263121813","07_9.7_Logical_Entailment_6_min.mp4","5279778","ReadOnly, Archive, Sparse_File (545)","30/09/2019 04:54:33.4167691","30/09/2019 04:47:22.1852622","30/09/2019 04:54:34.4885088","file:C:/Users/Professor Moriarty/Downloads/intrologic-006/07_Lesson_9_-_Resolution/07_9.7_Logical_Entailment_6_min.mp4","07_Lesson_9_-_Resolution","1","74976","{00001610-0000-0010-8000-00AA00389B71}","44100","16","DESKTOP-HL2LCVA","video/mp4","False",,"30/09/2019 04:47:24.0000000","30/09/2019 04:47:24.0000000","30/09/2019 04:54:33.4167691",".mp4","DESKTOP-HL2LCVA\Professor Moriarty","6","False","False","False","30/09/2019 04:47:24.0000000","C:\Users\Professor Moriarty\Downloads\intrologic-006\07_Lesson_9_-_Resolution","07_Lesson_9_-_Resolution (C:\Users\Professor Moriarty\Downloads\intrologic-006)","07_9.7_Logical_Entailment_6_min.mp4","07_9.7_Logical_Entailment_6_min.mp4","07_9.7_Logical_Entailment_6_min","C:\Users\Professor Moriarty\Downloads\intrologic-006\07_Lesson_9_-_Resolution\07_9.7_Logical_Entailment_6_min.mp4","07_9.7_Logical_Entailment_6_min (C:\Users\Professor Moriarty\Downloads\intrologic-006\07_Lesson_9_-_Resolution)",".mp4","video","Video","video/mp4",,"AVC_MP4_HP_HD_AAC","00:00:06:13 (3737050000)","False","07_9.7_Logical_Entailment_6_min.mp4","1077936503","0","30/09/2019 04:55:02.3170382","0","file","868D52D057426FC9","{34363248-0000-0010-8000-00AA00389B71}","29248","875967048","540","29970","960","1","False","False","0","104224","1","eda0f2ba-fb47-4cd4-b875-e076904e8ed9","MP4 Video","4667"
"45507CB086DCF06B3683F4CB5409DAEE","261263121813","06_International_GGP_Competition_4_min.mp4","3275244","ReadOnly, Archive, Sparse_File (545)","30/09/2019 04:54:46.5340156","30/09/2019 04:48:42.5516989","30/09/2019 04:54:46.7346045","file:C:/Users/Professor Moriarty/Downloads/intrologic-006/11_General_Game_Playing/06_International_GGP_Competition_4_min.mp4","11_General_Game_Playing","1","74616","{00001610-0000-0010-8000-00AA00389B71}","44100","16","DESKTOP-HL2LCVA","video/mp4","False","01/01/1970 00:00:00.0000000","30/09/2019 04:48:44.0000000","30/09/2019 04:48:44.0000000","30/09/2019 04:54:46.5340156",".mp4","DESKTOP-HL2LCVA\Professor Moriarty","6","False","False","False","01/01/1970 00:00:00.0000000","C:\Users\Professor Moriarty\Downloads\intrologic-006\11_General_Game_Playing","11_General_Game_Playing (C:\Users\Professor Moriarty\Downloads\intrologic-006)","06_International_GGP_Competition_4_min.mp4","06_International_GGP_Competition_4_min.mp4","06_International_GGP_Competition_4_min","C:\Users\Professor Moriarty\Downloads\intrologic-006\11_General_Game_Playing\06_International_GGP_Competition_4_min.mp4","06_International_GGP_Competition_4_min (C:\Users\Professor Moriarty\Downloads\intrologic-006\11_General_Game_Playing)",".mp4","video","Video","video/mp4","01/01/1970 00:00:00.0000000","AVC_MP4_HP_HD_AAC","00:00:03:54 (2344760000)","False","06_International_GGP_Competition_4_min.mp4","1077936503","0","30/09/2019 04:55:02.2744298","0","file","10D94038B659FDD0","{34363248-0000-0010-8000-00AA00389B71}","28600","875967048","540","29970","960","1","False","False","0","103216","1","eda0f2ba-fb47-4cd4-b875-e076904e8ed9","MP4 Video","4863"
"EBD2B36D0BD81E7EEC83571995A097A5","261263121813","03_9.3_Unification_14_min.mp4","11524952","ReadOnly, Archive, Sparse_File (545)","30/09/2019 04:54:51.4455949","30/09/2019 04:47:08.8272873","30/09/2019 04:54:52.4905546","file:C:/Users/Professor Moriarty/Downloads/intrologic-006/07_Lesson_9_-_Resolution/03_9.3_Unification_14_min.mp4","07_Lesson_9_-_Resolution","1","75520","{00001610-0000-0010-8000-00AA00389B71}","44100","16","DESKTOP-HL2LCVA","video/mp4","False","01/01/1970 00:00:00.0000000","30/09/2019 04:47:10.0000000","30/09/2019 04:47:10.0000000","30/09/2019 04:54:51.4455949",".mp4","DESKTOP-HL2LCVA\Professor Moriarty","6","False","False","False","01/01/1970 00:00:00.0000000","C:\Users\Professor Moriarty\Downloads\intrologic-006\07_Lesson_9_-_Resolution","07_Lesson_9_-_Resolution (C:\Users\Professor Moriarty\Downloads\intrologic-006)","03_9.3_Unification_14_min.mp4","03_9.3_Unification_14_min.mp4","03_9.3_Unification_14_min","C:\Users\Professor Moriarty\Downloads\intrologic-006\07_Lesson_9_-_Resolution\03_9.3_Unification_14_min.mp4","03_9.3_Unification_14_min (C:\Users\Professor Moriarty\Downloads\intrologic-006\07_Lesson_9_-_Resolution)",".mp4","video","Video","video/mp4","01/01/1970 00:00:00.0000000","AVC_MP4_HP_HD_AAC","00:00:13:40 (8208260000)","False","03_9.3_Unification_14_min.mp4","1077936503","0","30/09/2019 04:55:02.2166853","0,03125","file","184E3517CD707E6F","{34363248-0000-0010-8000-00AA00389B71}","28080","875967048","540","29970","960","1","False","False","0","103600","1","eda0f2ba-fb47-4cd4-b875-e076904e8ed9","MP4 Video","4867"
