0F-InvertedOnlyMD5,0-InvertedOnlyPids,11-System_FileName,13F-System_Size,14F-System_FileAttributes,15F-System_DateModified,16F-System_DateCreated,17F-System_DateAccessed,33-System_ItemUrl,3-System_ItemFolderNameDisplay,4346-System_DateImported,4352-System_Document_DateCreated,4354-System_Document_DateSaved,4378-System_FilePlaceholderStatus,4410-System_IsAttachment,4412-System_IsEncrypted,4415-System_IsFolder,4419-System_ItemDate,4421-System_ItemFolderPathDisplay,4422-System_ItemFolderPathDisplayNarrow,4423-System_ItemName,4424-System_ItemNameDisplay,4425-System_ItemNameDisplayWithoutExtension,4428-System_ItemPathDisplay,4429-System_ItemPathDisplayNarrow,4431-System_ItemType,4546-System_ParsingName,4604-System_SFGAOFlags,4605-System_Search_AccessCount,4612F-System_Search_GatherTime,4614-System_Search_LastIndexedTotalTime,4618-System_Search_Store,4651-System_SyncTransferStatusFlags,4655-System_ThumbnailCacheId,5-System_ItemTypeText,WorkID
"80FA823AA2EAA902626725DE5C588222","15124E12","SOFTWARE","177529538","32","13/03/2018 16:14:34.0414929","13/03/2018 16:14:07.7908214","13/03/2018 16:14:07.7908214","file:C:/Users/maxpowers/Desktop/testing/projects-r/SOFTWARE","projects-r","13/03/2018 16:14:08.0000000","13/03/2018 16:14:08.0000000","13/03/2018 16:14:34.0414929","6","False","False","False","13/03/2018 16:14:08.0000000","C:\Users\maxpowers\Desktop\testing\projects-r","projects-r (C:\Users\maxpowers\Desktop\testing)","SOFTWARE","SOFTWARE","SOFTWARE","C:\Users\maxpowers\Desktop\testing\projects-r\SOFTWARE","SOFTWARE (C:\Users\maxpowers\Desktop\testing\projects-r)",".","SOFTWARE","1077936503","0","13/03/2018 18:17:26.8816628","0","file",,"C6A6AABEC9CABC85","File","103"
"D9C727C286DB732A4CEFE9BDB17C6B7E","15124E12","e8acbf35851f190534242c9945e7647483923561","93","32","19/03/2018 16:14:37.2412672","19/03/2018 16:14:37.2344783","19/03/2018 16:14:37.2344783","file:C:/Users/maxpowers/.atom/compile-cache/style-manager/e8acbf35851f190534242c9945e7647483923561","style-manager","19/03/2018 16:14:37.2412672","19/03/2018 16:14:37.2412672","19/03/2018 16:14:37.2412672","6","False","False","False","19/03/2018 16:14:37.2412672","C:\Users\maxpowers\.atom\compile-cache\style-manager","style-manager (C:\Users\maxpowers\.atom\compile-cache)","e8acbf35851f190534242c9945e7647483923561","e8acbf35851f190534242c9945e7647483923561","e8acbf35851f190534242c9945e7647483923561","C:\Users\maxpowers\.atom\compile-cache\style-manager\e8acbf35851f190534242c9945e7647483923561","e8acbf35851f190534242c9945e7647483923561 (C:\Users\maxpowers\.atom\compile-cache\style-manager)",".","e8acbf35851f190534242c9945e7647483923561","1077936503","0","19/03/2018 16:14:53.7207630","0","file",,"132BAC6DB0FC96DA","File","2348"
"88D846ACFAE6EC4F0891165A0F5EB53C","15124E12","fb08fe7c8c61d314ce343774b617def1259b91d2","371","32","19/03/2018 16:14:42.4180449","19/03/2018 16:14:42.4112089","19/03/2018 16:14:42.4112089","file:C:/Users/maxpowers/.atom/compile-cache/style-manager/fb08fe7c8c61d314ce343774b617def1259b91d2","style-manager","19/03/2018 16:14:42.4180449","19/03/2018 16:14:42.4180449","19/03/2018 16:14:42.4180449","6","False","False","False","19/03/2018 16:14:42.4180449","C:\Users\maxpowers\.atom\compile-cache\style-manager","style-manager (C:\Users\maxpowers\.atom\compile-cache)","fb08fe7c8c61d314ce343774b617def1259b91d2","fb08fe7c8c61d314ce343774b617def1259b91d2","fb08fe7c8c61d314ce343774b617def1259b91d2","C:\Users\maxpowers\.atom\compile-cache\style-manager\fb08fe7c8c61d314ce343774b617def1259b91d2","fb08fe7c8c61d314ce343774b617def1259b91d2 (C:\Users\maxpowers\.atom\compile-cache\style-manager)",".","fb08fe7c8c61d314ce343774b617def1259b91d2","1077936503","0","19/03/2018 16:14:53.0224829","0","file",,"A925BC8A2C98A8B8","File","2389"
"3A7AF79B87146AD99EDABA93FE1B02F0","15124E12","f521b410289618b6e553ec3b9787c9547e500b29","326","32","19/03/2018 16:14:44.8594223","19/03/2018 16:14:44.8535414","19/03/2018 16:14:44.8535414","file:C:/Users/maxpowers/.atom/compile-cache/style-manager/f521b410289618b6e553ec3b9787c9547e500b29","style-manager","19/03/2018 16:14:44.8594223","19/03/2018 16:14:44.8594223","19/03/2018 16:14:44.8594223","6","False","False","False","19/03/2018 16:14:44.8594223","C:\Users\maxpowers\.atom\compile-cache\style-manager","style-manager (C:\Users\maxpowers\.atom\compile-cache)","f521b410289618b6e553ec3b9787c9547e500b29","f521b410289618b6e553ec3b9787c9547e500b29","f521b410289618b6e553ec3b9787c9547e500b29","C:\Users\maxpowers\.atom\compile-cache\style-manager\f521b410289618b6e553ec3b9787c9547e500b29","f521b410289618b6e553ec3b9787c9547e500b29 (C:\Users\maxpowers\.atom\compile-cache\style-manager)",".","f521b410289618b6e553ec3b9787c9547e500b29","1077936503","0","19/03/2018 16:14:53.0117489","0","file",,"186E3E90DCE19AF1","File","2391"
"6DB86FC9FE1EB651AA1B00D48C7CF3BB","15124E12","BLOB","229440","32","09/04/2018 18:49:29.2920113","19/03/2018 17:05:12.6973690","19/03/2018 17:05:12.6973690","file:C:/Users/maxpowers/.atom/blob-store/BLOB","blob-store","19/03/2018 17:05:14.0000000","19/03/2018 17:05:14.0000000","09/04/2018 18:49:29.2920113","6","False","False","False","19/03/2018 17:05:14.0000000","C:\Users\maxpowers\.atom\blob-store","blob-store (C:\Users\maxpowers\.atom)","BLOB","BLOB","BLOB","C:\Users\maxpowers\.atom\blob-store\BLOB","BLOB (C:\Users\maxpowers\.atom\blob-store)",".","BLOB","1077936503","0","09/04/2018 18:49:29.3457586","0,015625","file",,"7EFB4D2290B47027","File","2399"
"22A30F0ACE49FBF060DFF3AB765E3642","15124E12","MAP","5922","32","09/04/2018 18:49:29.2988591","19/03/2018 17:05:12.8496431","19/03/2018 17:05:12.8496431","file:C:/Users/maxpowers/.atom/blob-store/MAP","blob-store","19/03/2018 17:05:14.0000000","19/03/2018 17:05:14.0000000","09/04/2018 18:49:29.2988591","6","False","False","False","19/03/2018 17:05:14.0000000","C:\Users\maxpowers\.atom\blob-store","blob-store (C:\Users\maxpowers\.atom)","MAP","MAP","MAP","C:\Users\maxpowers\.atom\blob-store\MAP","MAP (C:\Users\maxpowers\.atom\blob-store)",".","MAP","1077936503","0","09/04/2018 18:49:29.3418374","0","file",,"64013DE571CE4A44","File","2400"
"430BEE525DA87DADB3E072EF5A2E7C05","15124E12","manifest-rust-std-x86_64-pc-windows-msvc","8737","32","11/04/2018 16:09:27.1024654","11/04/2018 16:09:26.0242731","11/04/2018 16:09:26.0242731","file:C:/Users/maxpowers/.rustup/toolchains/stable-x86_64-pc-windows-msvc/lib/rustlib/manifest-rust-std-x86_64-pc-windows-msvc","rustlib","11/04/2018 16:09:27.1024654","11/04/2018 16:09:27.1024654","11/04/2018 16:09:27.1024654","6","False","False","False","11/04/2018 16:09:27.1024654","C:\Users\maxpowers\.rustup\toolchains\stable-x86_64-pc-windows-msvc\lib\rustlib","rustlib (C:\Users\maxpowers\.rustup\toolchains\stable-x86_64-pc-windows-msvc\lib)","manifest-rust-std-x86_64-pc-windows-msvc","manifest-rust-std-x86_64-pc-windows-msvc","manifest-rust-std-x86_64-pc-windows-msvc","C:\Users\maxpowers\.rustup\toolchains\stable-x86_64-pc-windows-msvc\lib\rustlib\manifest-rust-std-x86_64-pc-windows-msvc","manifest-rust-std-x86_64-pc-windows-msvc (C:\Users\maxpowers\.rustup\toolchains\stable-x86_64-pc-windows-msvc\lib\rustlib)",".","manifest-rust-std-x86_64-pc-windows-msvc","1077936503","0","11/04/2018 16:16:25.4306328","0,015625","file",,"0A94D5447414DC2A","File","2518"
"FE7AF99C52CA26E60B19B36776A9DCD2","15124E12","COPYRIGHT","11826","32","25/03/2018 15:52:22.0000000","11/04/2018 16:09:16.9305659","11/04/2018 16:09:16.9305659","file:C:/Users/maxpowers/.rustup/toolchains/stable-x86_64-pc-windows-msvc/share/doc/rust/COPYRIGHT","rust","25/03/2018 15:52:22.0000000","25/03/2018 15:52:22.0000000","25/03/2018 15:52:22.0000000","6","False","False","False","25/03/2018 15:52:22.0000000","C:\Users\maxpowers\.rustup\toolchains\stable-x86_64-pc-windows-msvc\share\doc\rust","rust (C:\Users\maxpowers\.rustup\toolchains\stable-x86_64-pc-windows-msvc\share\doc)","COPYRIGHT","COPYRIGHT","COPYRIGHT","C:\Users\maxpowers\.rustup\toolchains\stable-x86_64-pc-windows-msvc\share\doc\rust\COPYRIGHT","COPYRIGHT (C:\Users\maxpowers\.rustup\toolchains\stable-x86_64-pc-windows-msvc\share\doc\rust)",".","COPYRIGHT","1077936503","0","11/04/2018 16:16:23.8994899","0,015625","file",,"0F5D2A597C60E030","File","2625"
"B59344AFF9DD769D58B1D16664DCD159","15124E12","LICENSE-APACHE","10847","32","25/03/2018 15:52:22.0000000","11/04/2018 16:09:16.9305659","11/04/2018 16:09:16.9305659","file:C:/Users/maxpowers/.rustup/toolchains/stable-x86_64-pc-windows-msvc/share/doc/rust/LICENSE-APACHE","rust","25/03/2018 15:52:22.0000000","25/03/2018 15:52:22.0000000","25/03/2018 15:52:22.0000000","6","False","False","False","25/03/2018 15:52:22.0000000","C:\Users\maxpowers\.rustup\toolchains\stable-x86_64-pc-windows-msvc\share\doc\rust","rust (C:\Users\maxpowers\.rustup\toolchains\stable-x86_64-pc-windows-msvc\share\doc)","LICENSE-APACHE","LICENSE-APACHE","LICENSE-APACHE","C:\Users\maxpowers\.rustup\toolchains\stable-x86_64-pc-windows-msvc\share\doc\rust\LICENSE-APACHE","LICENSE-APACHE (C:\Users\maxpowers\.rustup\toolchains\stable-x86_64-pc-windows-msvc\share\doc\rust)",".","LICENSE-APACHE","1077936503","0","11/04/2018 16:16:23.8836524","0","file",,"3D0A6A3DF96F7AA7","File","2626"
"9CF061CEA19F2C619F070CDD4FF99D19","15124E12","LICENSE-MIT","1023","32","25/03/2018 15:52:22.0000000","11/04/2018 16:09:16.9305659","11/04/2018 16:09:16.9305659","file:C:/Users/maxpowers/.rustup/toolchains/stable-x86_64-pc-windows-msvc/share/doc/rust/LICENSE-MIT","rust","25/03/2018 15:52:22.0000000","25/03/2018 15:52:22.0000000","25/03/2018 15:52:22.0000000","6","False","False","False","25/03/2018 15:52:22.0000000","C:\Users\maxpowers\.rustup\toolchains\stable-x86_64-pc-windows-msvc\share\doc\rust","rust (C:\Users\maxpowers\.rustup\toolchains\stable-x86_64-pc-windows-msvc\share\doc)","LICENSE-MIT","LICENSE-MIT","LICENSE-MIT","C:\Users\maxpowers\.rustup\toolchains\stable-x86_64-pc-windows-msvc\share\doc\rust\LICENSE-MIT","LICENSE-MIT (C:\Users\maxpowers\.rustup\toolchains\stable-x86_64-pc-windows-msvc\share\doc\rust)",".","LICENSE-MIT","1077936503","0","11/04/2018 16:16:23.8836524","0","file",,"951388B116EBDF39","File","2627"
"568BD723F9BF8970E651FDFC734F1EC4","15124E12","components","123","32","11/04/2018 16:13:21.1024017","11/04/2018 16:09:16.9460860","11/04/2018 16:09:16.9460860","file:C:/Users/maxpowers/.rustup/toolchains/stable-x86_64-pc-windows-msvc/lib/rustlib/components","rustlib","11/04/2018 16:09:18.0000000","11/04/2018 16:09:18.0000000","11/04/2018 16:13:21.1024017","6","False","False","False","11/04/2018 16:09:18.0000000","C:\Users\maxpowers\.rustup\toolchains\stable-x86_64-pc-windows-msvc\lib\rustlib","rustlib (C:\Users\maxpowers\.rustup\toolchains\stable-x86_64-pc-windows-msvc\lib)","components","components","components","C:\Users\maxpowers\.rustup\toolchains\stable-x86_64-pc-windows-msvc\lib\rustlib\components","components (C:\Users\maxpowers\.rustup\toolchains\stable-x86_64-pc-windows-msvc\lib\rustlib)",".","components","1077936503","0","11/04/2018 16:16:23.8680733","0","file",,"6B411D1A9F072DF2","File","2633"
"1723C7B5A0F9DF244E99D7BBEABEBF29","15124E12","rust-installer-version","1","32","11/04/2018 16:13:21.1180193","11/04/2018 16:09:17.0399438","11/04/2018 16:09:17.0399438","file:C:/Users/maxpowers/.rustup/toolchains/stable-x86_64-pc-windows-msvc/lib/rustlib/rust-installer-version","rustlib","11/04/2018 16:09:18.0000000","11/04/2018 16:09:18.0000000","11/04/2018 16:13:21.1180193","6","False","False","False","11/04/2018 16:09:18.0000000","C:\Users\maxpowers\.rustup\toolchains\stable-x86_64-pc-windows-msvc\lib\rustlib","rustlib (C:\Users\maxpowers\.rustup\toolchains\stable-x86_64-pc-windows-msvc\lib)","rust-installer-version","rust-installer-version","rust-installer-version","C:\Users\maxpowers\.rustup\toolchains\stable-x86_64-pc-windows-msvc\lib\rustlib\rust-installer-version","rust-installer-version (C:\Users\maxpowers\.rustup\toolchains\stable-x86_64-pc-windows-msvc\lib\rustlib)",".","rust-installer-version","1077936503","0","11/04/2018 16:16:23.8680733","0,015625","file",,"46E42066E4CA1B8F","File","2634"
"891E2355A94ECA37C00BC635B8659240","15124E12","manifest-rustc-x86_64-pc-windows-msvc","1938","32","11/04/2018 16:09:17.0555329","11/04/2018 16:09:16.9460860","11/04/2018 16:09:16.9460860","file:C:/Users/maxpowers/.rustup/toolchains/stable-x86_64-pc-windows-msvc/lib/rustlib/manifest-rustc-x86_64-pc-windows-msvc","rustlib","11/04/2018 16:09:17.0555329","11/04/2018 16:09:17.0555329","11/04/2018 16:09:17.0555329","6","False","False","False","11/04/2018 16:09:17.0555329","C:\Users\maxpowers\.rustup\toolchains\stable-x86_64-pc-windows-msvc\lib\rustlib","rustlib (C:\Users\maxpowers\.rustup\toolchains\stable-x86_64-pc-windows-msvc\lib)","manifest-rustc-x86_64-pc-windows-msvc","manifest-rustc-x86_64-pc-windows-msvc","manifest-rustc-x86_64-pc-windows-msvc","C:\Users\maxpowers\.rustup\toolchains\stable-x86_64-pc-windows-msvc\lib\rustlib\manifest-rustc-x86_64-pc-windows-msvc","manifest-rustc-x86_64-pc-windows-msvc (C:\Users\maxpowers\.rustup\toolchains\stable-x86_64-pc-windows-msvc\lib\rustlib)",".","manifest-rustc-x86_64-pc-windows-msvc","1077936503","0","11/04/2018 16:16:23.8524339","0","file",,"9B1399CC56B5823D","File","2635"
"82F697BA81B2A6A52666D96D97663107","15124E12","cargo","6838","32","25/03/2018 14:29:55.0000000","11/04/2018 16:09:31.1961360","11/04/2018 16:09:31.1961360","file:C:/Users/maxpowers/.rustup/toolchains/stable-x86_64-pc-windows-msvc/etc/bash_completion.d/cargo","bash_completion.d","25/03/2018 14:29:55.0000000","25/03/2018 14:29:55.0000000","25/03/2018 14:29:55.0000000","6","False","False","False","25/03/2018 14:29:55.0000000","C:\Users\maxpowers\.rustup\toolchains\stable-x86_64-pc-windows-msvc\etc\bash_completion.d","bash_completion.d (C:\Users\maxpowers\.rustup\toolchains\stable-x86_64-pc-windows-msvc\etc)","cargo","cargo","cargo","C:\Users\maxpowers\.rustup\toolchains\stable-x86_64-pc-windows-msvc\etc\bash_completion.d\cargo","cargo (C:\Users\maxpowers\.rustup\toolchains\stable-x86_64-pc-windows-msvc\etc\bash_completion.d)",".","cargo","1077936503","0","11/04/2018 16:16:23.1961013","0,015625","file",,"5043ED3D746C56E8","File","2664"
"B59344AFF9DD769D58B1D16664DCD159","15124E12","LICENSE-APACHE","10847","32","25/03/2018 16:04:17.0000000","11/04/2018 16:09:31.2274162","11/04/2018 16:09:31.2274162","file:C:/Users/maxpowers/.rustup/toolchains/stable-x86_64-pc-windows-msvc/share/doc/cargo/LICENSE-APACHE","cargo","25/03/2018 16:04:17.0000000","25/03/2018 16:04:17.0000000","25/03/2018 16:04:17.0000000","6","False","False","False","25/03/2018 16:04:17.0000000","C:\Users\maxpowers\.rustup\toolchains\stable-x86_64-pc-windows-msvc\share\doc\cargo","cargo (C:\Users\maxpowers\.rustup\toolchains\stable-x86_64-pc-windows-msvc\share\doc)","LICENSE-APACHE","LICENSE-APACHE","LICENSE-APACHE","C:\Users\maxpowers\.rustup\toolchains\stable-x86_64-pc-windows-msvc\share\doc\cargo\LICENSE-APACHE","LICENSE-APACHE (C:\Users\maxpowers\.rustup\toolchains\stable-x86_64-pc-windows-msvc\share\doc\cargo)",".","LICENSE-APACHE","1077936503","0","11/04/2018 16:16:23.1805267","0","file",,"271343002DF1307B","File","2670"
"9CF061CEA19F2C619F070CDD4FF99D19","15124E12","LICENSE-MIT","1023","32","25/03/2018 16:04:17.0000000","11/04/2018 16:09:31.2274162","11/04/2018 16:09:31.2274162","file:C:/Users/maxpowers/.rustup/toolchains/stable-x86_64-pc-windows-msvc/share/doc/cargo/LICENSE-MIT","cargo","25/03/2018 16:04:17.0000000","25/03/2018 16:04:17.0000000","25/03/2018 16:04:17.0000000","6","False","False","False","25/03/2018 16:04:17.0000000","C:\Users\maxpowers\.rustup\toolchains\stable-x86_64-pc-windows-msvc\share\doc\cargo","cargo (C:\Users\maxpowers\.rustup\toolchains\stable-x86_64-pc-windows-msvc\share\doc)","LICENSE-MIT","LICENSE-MIT","LICENSE-MIT","C:\Users\maxpowers\.rustup\toolchains\stable-x86_64-pc-windows-msvc\share\doc\cargo\LICENSE-MIT","LICENSE-MIT (C:\Users\maxpowers\.rustup\toolchains\stable-x86_64-pc-windows-msvc\share\doc\cargo)",".","LICENSE-MIT","1077936503","0","11/04/2018 16:16:23.1805267","0,015625","file",,"D0A0B67462BCDD67","File","2672"
"9921CC93B288A684883A10C9E3FE5D7B","15124E12","LICENSE-THIRD-PARTY","68424","32","25/03/2018 16:04:17.0000000","11/04/2018 16:09:31.2586565","11/04/2018 16:09:31.2586565","file:C:/Users/maxpowers/.rustup/toolchains/stable-x86_64-pc-windows-msvc/share/doc/cargo/LICENSE-THIRD-PARTY","cargo","25/03/2018 16:04:17.0000000","25/03/2018 16:04:17.0000000","25/03/2018 16:04:17.0000000","6","False","False","False","25/03/2018 16:04:17.0000000","C:\Users\maxpowers\.rustup\toolchains\stable-x86_64-pc-windows-msvc\share\doc\cargo","cargo (C:\Users\maxpowers\.rustup\toolchains\stable-x86_64-pc-windows-msvc\share\doc)","LICENSE-THIRD-PARTY","LICENSE-THIRD-PARTY","LICENSE-THIRD-PARTY","C:\Users\maxpowers\.rustup\toolchains\stable-x86_64-pc-windows-msvc\share\doc\cargo\LICENSE-THIRD-PARTY","LICENSE-THIRD-PARTY (C:\Users\maxpowers\.rustup\toolchains\stable-x86_64-pc-windows-msvc\share\doc\cargo)",".","LICENSE-THIRD-PARTY","1077936503","0","11/04/2018 16:16:23.1649124","0","file",,"0681BD831481A432","File","2675"
"82F697BA81B2A6A52666D96D97663107","15124E12","_cargo","26313","32","25/03/2018 16:04:17.0000000","11/04/2018 16:09:31.5105388","11/04/2018 16:09:31.5105388","file:C:/Users/maxpowers/.rustup/toolchains/stable-x86_64-pc-windows-msvc/share/zsh/site-functions/_cargo","site-functions","25/03/2018 16:04:17.0000000","25/03/2018 16:04:17.0000000","25/03/2018 16:04:17.0000000","6","False","False","False","25/03/2018 16:04:17.0000000","C:\Users\maxpowers\.rustup\toolchains\stable-x86_64-pc-windows-msvc\share\zsh\site-functions","site-functions (C:\Users\maxpowers\.rustup\toolchains\stable-x86_64-pc-windows-msvc\share\zsh)","_cargo","_cargo","_cargo","C:\Users\maxpowers\.rustup\toolchains\stable-x86_64-pc-windows-msvc\share\zsh\site-functions\_cargo","_cargo (C:\Users\maxpowers\.rustup\toolchains\stable-x86_64-pc-windows-msvc\share\zsh\site-functions)",".","_cargo","1077936503","0","11/04/2018 16:16:21.1023782","0","file",,"8C996A1B531F63EF","File","2896"
"06BABB6C1C8D3EF82490FE3615B7B9D3","15124E12","manifest-cargo-x86_64-pc-windows-msvc","1130","32","11/04/2018 16:09:31.6180198","11/04/2018 16:09:31.5105388","11/04/2018 16:09:31.5105388","file:C:/Users/maxpowers/.rustup/toolchains/stable-x86_64-pc-windows-msvc/lib/rustlib/manifest-cargo-x86_64-pc-windows-msvc","rustlib","11/04/2018 16:09:31.6180198","11/04/2018 16:09:31.6180198","11/04/2018 16:09:31.6180198","6","False","False","False","11/04/2018 16:09:31.6180198","C:\Users\maxpowers\.rustup\toolchains\stable-x86_64-pc-windows-msvc\lib\rustlib","rustlib (C:\Users\maxpowers\.rustup\toolchains\stable-x86_64-pc-windows-msvc\lib)","manifest-cargo-x86_64-pc-windows-msvc","manifest-cargo-x86_64-pc-windows-msvc","manifest-cargo-x86_64-pc-windows-msvc","C:\Users\maxpowers\.rustup\toolchains\stable-x86_64-pc-windows-msvc\lib\rustlib\manifest-cargo-x86_64-pc-windows-msvc","manifest-cargo-x86_64-pc-windows-msvc (C:\Users\maxpowers\.rustup\toolchains\stable-x86_64-pc-windows-msvc\lib\rustlib)",".","manifest-cargo-x86_64-pc-windows-msvc","1077936503","0","11/04/2018 16:16:21.0867561","0","file",,"1F858835DB524F89","File","2899"
"20ABC2EF50C3A3EFFF8B1D74B57FB496","15124E12","LICENSE","11550","32","12/03/2018 23:21:50.8688006","26/04/2018 18:35:29.3919452","26/04/2018 18:35:29.3919452","file:C:/Users/itsupport/Dropbox/ProjectE/LICENSE","ProjectE","12/03/2018 23:21:50.8688006","12/03/2018 23:21:50.8688006","12/03/2018 23:21:50.8688006","6","False","False","False","12/03/2018 23:21:50.8688006","C:\Users\itsupport\Dropbox\ProjectE","ProjectE (C:\Users\itsupport\Dropbox)","LICENSE","LICENSE","LICENSE","C:\Users\itsupport\Dropbox\ProjectE\LICENSE","LICENSE (C:\Users\itsupport\Dropbox\ProjectE)",".","LICENSE","1077936503","0","26/04/2018 18:35:51.9857631","0","file","1","16C88CDF4616EFBB","File","2929"
"2FF82893518805A1D2AE7BD856DED860","15124E12","config","302","32","12/03/2018 23:21:50.8062605","26/04/2018 18:35:29.4543973","26/04/2018 18:35:29.4543973","file:C:/Users/itsupport/Dropbox/ProjectE/.git/config",".git","12/03/2018 23:21:50.8062605","12/03/2018 23:21:50.8062605","12/03/2018 23:21:50.8062605","6","False","False","False","12/03/2018 23:21:50.8062605","C:\Users\itsupport\Dropbox\ProjectE\.git",".git (C:\Users\itsupport\Dropbox\ProjectE)","config","config","config","C:\Users\itsupport\Dropbox\ProjectE\.git\config","config (C:\Users\itsupport\Dropbox\ProjectE\.git)",".","config","1077936503","0","26/04/2018 18:35:51.9544158","0","file","1","CE75C24A73481AD5","File","2934"
"D58AFA25DD616150880F784F79EA8333","15124E12","description","73","32","12/03/2018 23:21:49.3219051","26/04/2018 18:35:29.4700554","26/04/2018 18:35:29.4700554","file:C:/Users/itsupport/Dropbox/ProjectE/.git/description",".git","12/03/2018 23:21:49.3219051","12/03/2018 23:21:49.3219051","12/03/2018 23:21:49.3219051","6","False","False","False","12/03/2018 23:21:49.3219051","C:\Users\itsupport\Dropbox\ProjectE\.git",".git (C:\Users\itsupport\Dropbox\ProjectE)","description","description","description","C:\Users\itsupport\Dropbox\ProjectE\.git\description","description (C:\Users\itsupport\Dropbox\ProjectE\.git)",".","description","1077936503","0","26/04/2018 18:35:51.9544158","0","file","1","C8F0110C40D3D5D9","File","2935"
"6B55CEAFC28BA6CE9759997606700D5E","15124E12","HEAD","23","32","12/03/2018 23:21:50.7907806","26/04/2018 18:35:29.4856551","26/04/2018 18:35:29.4856551","file:C:/Users/itsupport/Dropbox/ProjectE/.git/HEAD",".git","12/03/2018 23:21:50.7907806","12/03/2018 23:21:50.7907806","12/03/2018 23:21:50.7907806","6","False","False","False","12/03/2018 23:21:50.7907806","C:\Users\itsupport\Dropbox\ProjectE\.git",".git (C:\Users\itsupport\Dropbox\ProjectE)","HEAD","HEAD","HEAD","C:\Users\itsupport\Dropbox\ProjectE\.git\HEAD","HEAD (C:\Users\itsupport\Dropbox\ProjectE\.git)",".","HEAD","1077936503","0","26/04/2018 18:35:51.9544158","0,015625","file","1","C6E9F9BEC3B678B2","File","2936"
"C034E86745D3AA389A7ABF1D7A5C684F","15124E12","index","2641","32","12/03/2018 23:21:51.0250777","26/04/2018 18:35:29.5012800","26/04/2018 18:35:29.5012800","file:C:/Users/itsupport/Dropbox/ProjectE/.git/index",".git","12/03/2018 23:21:51.0250777","12/03/2018 23:21:51.0250777","12/03/2018 23:21:51.0250777","6","False","False","False","12/03/2018 23:21:51.0250777","C:\Users\itsupport\Dropbox\ProjectE\.git",".git (C:\Users\itsupport\Dropbox\ProjectE)","index","index","index","C:\Users\itsupport\Dropbox\ProjectE\.git\index","index (C:\Users\itsupport\Dropbox\ProjectE\.git)",".","index","1077936503","0","26/04/2018 18:35:51.9387761","0","file","1","A6D814BD3FBE9B4C","File","2937"
"E009C60426811E52A5D1E7CDDA229AD8","15124E12","packed-refs","114","32","12/03/2018 23:21:50.7598650","26/04/2018 18:35:29.5168697","26/04/2018 18:35:29.5168697","file:C:/Users/itsupport/Dropbox/ProjectE/.git/packed-refs",".git","12/03/2018 23:21:50.7598650","12/03/2018 23:21:50.7598650","12/03/2018 23:21:50.7598650","6","False","False","False","12/03/2018 23:21:50.7598650","C:\Users\itsupport\Dropbox\ProjectE\.git",".git (C:\Users\itsupport\Dropbox\ProjectE)","packed-refs","packed-refs","packed-refs","C:\Users\itsupport\Dropbox\ProjectE\.git\packed-refs","packed-refs (C:\Users\itsupport\Dropbox\ProjectE\.git)",".","packed-refs","1077936503","0","26/04/2018 18:35:51.9387761","0","file","1","9D38204F79471EB1","File","2938"
"22B3136C94C807F670B691ADB70258D5","15124E12","exclude","240","32","12/03/2018 23:21:49.3999779","26/04/2018 18:35:29.7200109","26/04/2018 18:35:29.7200109","file:C:/Users/itsupport/Dropbox/ProjectE/.git/info/exclude","info","12/03/2018 23:21:49.3999779","12/03/2018 23:21:49.3999779","12/03/2018 23:21:49.3999779","6","False","False","False","12/03/2018 23:21:49.3999779","C:\Users\itsupport\Dropbox\ProjectE\.git\info","info (C:\Users\itsupport\Dropbox\ProjectE\.git)","exclude","exclude","exclude","C:\Users\itsupport\Dropbox\ProjectE\.git\info\exclude","exclude (C:\Users\itsupport\Dropbox\ProjectE\.git\info)",".","exclude","1077936503","0","26/04/2018 18:35:51.1732442","0","file","1","91082FD4021D288E","File","2952"
"6B55CEAFC28BA6CE9759997606700D5E","15124E12","HEAD","197","32","12/03/2018 23:21:50.7907806","26/04/2018 18:35:29.7830921","26/04/2018 18:35:29.7830921","file:C:/Users/itsupport/Dropbox/ProjectE/.git/logs/HEAD","logs","12/03/2018 23:21:50.7907806","12/03/2018 23:21:50.7907806","12/03/2018 23:21:50.7907806","6","False","False","False","12/03/2018 23:21:50.7907806","C:\Users\itsupport\Dropbox\ProjectE\.git\logs","logs (C:\Users\itsupport\Dropbox\ProjectE\.git)","HEAD","HEAD","HEAD","C:\Users\itsupport\Dropbox\ProjectE\.git\logs\HEAD","HEAD (C:\Users\itsupport\Dropbox\ProjectE\.git\logs)",".","HEAD","1077936503","0","26/04/2018 18:35:51.1732442","0","file","1","08629339D814A54A","File","2954"
"782519E3F13B2CEF5A2B195ECC0DAF37","15124E12","master","197","32","12/03/2018 23:21:50.8062605","26/04/2018 18:35:29.8451086","26/04/2018 18:35:29.8451086","file:C:/Users/itsupport/Dropbox/ProjectE/.git/logs/refs/heads/master","heads","12/03/2018 23:21:50.8062605","12/03/2018 23:21:50.8062605","12/03/2018 23:21:50.8062605","6","False","False","False","12/03/2018 23:21:50.8062605","C:\Users\itsupport\Dropbox\ProjectE\.git\logs\refs\heads","heads (C:\Users\itsupport\Dropbox\ProjectE\.git\logs\refs)","master","master","master","C:\Users\itsupport\Dropbox\ProjectE\.git\logs\refs\heads\master","master (C:\Users\itsupport\Dropbox\ProjectE\.git\logs\refs\heads)",".","master","1077936503","0","26/04/2018 18:35:51.1732442","0,015625","file","1","E04C563933D1B3D3","File","2957"
"6B55CEAFC28BA6CE9759997606700D5E","15124E12","HEAD","197","32","12/03/2018 23:21:50.7907806","26/04/2018 18:35:29.8919132","26/04/2018 18:35:29.8919132","file:C:/Users/itsupport/Dropbox/ProjectE/.git/logs/refs/remotes/origin/HEAD","origin","12/03/2018 23:21:50.7907806","12/03/2018 23:21:50.7907806","12/03/2018 23:21:50.7907806","6","False","False","False","12/03/2018 23:21:50.7907806","C:\Users\itsupport\Dropbox\ProjectE\.git\logs\refs\remotes\origin","origin (C:\Users\itsupport\Dropbox\ProjectE\.git\logs\refs\remotes)","HEAD","HEAD","HEAD","C:\Users\itsupport\Dropbox\ProjectE\.git\logs\refs\remotes\origin\HEAD","HEAD (C:\Users\itsupport\Dropbox\ProjectE\.git\logs\refs\remotes\origin)",".","HEAD","1077936503","0","26/04/2018 18:35:51.1575531","0","file","1","8DF3953CF9F88A95","File","2960"
"259B962CE66B03A14F7F8BBDBE5E682E","15124E12","108d8d5d92f78a91e8b79ccfe0a4c24230ce58","766","33","12/03/2018 23:21:50.4156433","26/04/2018 18:35:29.9544345","26/04/2018 18:35:29.9544345","file:C:/Users/itsupport/Dropbox/ProjectE/.git/objects/06/108d8d5d92f78a91e8b79ccfe0a4c24230ce58","06","12/03/2018 23:21:50.4156433","12/03/2018 23:21:50.4156433","12/03/2018 23:21:50.4156433","6","False","False","False","12/03/2018 23:21:50.4156433","C:\Users\itsupport\Dropbox\ProjectE\.git\objects\06","06 (C:\Users\itsupport\Dropbox\ProjectE\.git\objects)","108d8d5d92f78a91e8b79ccfe0a4c24230ce58","108d8d5d92f78a91e8b79ccfe0a4c24230ce58","108d8d5d92f78a91e8b79ccfe0a4c24230ce58","C:\Users\itsupport\Dropbox\ProjectE\.git\objects\06\108d8d5d92f78a91e8b79ccfe0a4c24230ce58","108d8d5d92f78a91e8b79ccfe0a4c24230ce58 (C:\Users\itsupport\Dropbox\ProjectE\.git\objects\06)",".","108d8d5d92f78a91e8b79ccfe0a4c24230ce58","1077936503","0","26/04/2018 18:35:51.1575531","0","file","1","648164EDB7E70620","File","2963"
"D21E37A1F1634124155057562473677D","15124E12","9466bd78db6e683386a162d337e3a1ff3009d3","575","33","12/03/2018 23:21:50.3688267","26/04/2018 18:35:29.9700938","26/04/2018 18:35:29.9700938","file:C:/Users/itsupport/Dropbox/ProjectE/.git/objects/08/9466bd78db6e683386a162d337e3a1ff3009d3","08","12/03/2018 23:21:50.3688267","12/03/2018 23:21:50.3688267","12/03/2018 23:21:50.3688267","6","False","False","False","12/03/2018 23:21:50.3688267","C:\Users\itsupport\Dropbox\ProjectE\.git\objects\08","08 (C:\Users\itsupport\Dropbox\ProjectE\.git\objects)","9466bd78db6e683386a162d337e3a1ff3009d3","9466bd78db6e683386a162d337e3a1ff3009d3","9466bd78db6e683386a162d337e3a1ff3009d3","C:\Users\itsupport\Dropbox\ProjectE\.git\objects\08\9466bd78db6e683386a162d337e3a1ff3009d3","9466bd78db6e683386a162d337e3a1ff3009d3 (C:\Users\itsupport\Dropbox\ProjectE\.git\objects\08)",".","9466bd78db6e683386a162d337e3a1ff3009d3","1077936503","0","26/04/2018 18:35:51.1575531","0,015625","file","1","8A58E612BEC42235","File","2965"
"54DF1089159C503B5F6C0BE5DE2C6CD7","15124E12","31d914630f53c1f4563bb0707fc0ccb9bffd28","70","33","12/03/2018 23:21:50.2909936","26/04/2018 18:35:29.9857173","26/04/2018 18:35:29.9857173","file:C:/Users/itsupport/Dropbox/ProjectE/.git/objects/0b/31d914630f53c1f4563bb0707fc0ccb9bffd28","0b","12/03/2018 23:21:50.2909936","12/03/2018 23:21:50.2909936","12/03/2018 23:21:50.2909936","6","False","False","False","12/03/2018 23:21:50.2909936","C:\Users\itsupport\Dropbox\ProjectE\.git\objects\0b","0b (C:\Users\itsupport\Dropbox\ProjectE\.git\objects)","31d914630f53c1f4563bb0707fc0ccb9bffd28","31d914630f53c1f4563bb0707fc0ccb9bffd28","31d914630f53c1f4563bb0707fc0ccb9bffd28","C:\Users\itsupport\Dropbox\ProjectE\.git\objects\0b\31d914630f53c1f4563bb0707fc0ccb9bffd28","31d914630f53c1f4563bb0707fc0ccb9bffd28 (C:\Users\itsupport\Dropbox\ProjectE\.git\objects\0b)",".","31d914630f53c1f4563bb0707fc0ccb9bffd28","1077936503","0","26/04/2018 18:35:51.1419103","0","file","1","531688A1B7AA7DE4","File","2967"
"5589C5BE5B657F291567A92F1044A97F","15124E12","5a8bee202fb42e38577df069c19c2bf78f4f9d","11070","33","12/03/2018 23:21:50.3531102","26/04/2018 18:35:30.0170327","26/04/2018 18:35:30.0170327","file:C:/Users/itsupport/Dropbox/ProjectE/.git/objects/12/5a8bee202fb42e38577df069c19c2bf78f4f9d","12","12/03/2018 23:21:50.3531102","12/03/2018 23:21:50.3531102","12/03/2018 23:21:50.3531102","6","False","False","False","12/03/2018 23:21:50.3531102","C:\Users\itsupport\Dropbox\ProjectE\.git\objects\12","12 (C:\Users\itsupport\Dropbox\ProjectE\.git\objects)","5a8bee202fb42e38577df069c19c2bf78f4f9d","5a8bee202fb42e38577df069c19c2bf78f4f9d","5a8bee202fb42e38577df069c19c2bf78f4f9d","C:\Users\itsupport\Dropbox\ProjectE\.git\objects\12\5a8bee202fb42e38577df069c19c2bf78f4f9d","5a8bee202fb42e38577df069c19c2bf78f4f9d (C:\Users\itsupport\Dropbox\ProjectE\.git\objects\12)",".","5a8bee202fb42e38577df069c19c2bf78f4f9d","1077936503","0","26/04/2018 18:35:51.1419103","0","file","1","7565443C6FE23E75","File","2969"
"B85B9D57F08D30478C4A36868A6B2165","15124E12","02bf1a6f62cfee46488f9c90afbbdb39bb5707","4450","33","12/03/2018 23:21:50.2753224","26/04/2018 18:35:30.0327065","26/04/2018 18:35:30.0327065","file:C:/Users/itsupport/Dropbox/ProjectE/.git/objects/13/02bf1a6f62cfee46488f9c90afbbdb39bb5707","13","12/03/2018 23:21:50.2753224","12/03/2018 23:21:50.2753224","12/03/2018 23:21:50.2753224","6","False","False","False","12/03/2018 23:21:50.2753224","C:\Users\itsupport\Dropbox\ProjectE\.git\objects\13","13 (C:\Users\itsupport\Dropbox\ProjectE\.git\objects)","02bf1a6f62cfee46488f9c90afbbdb39bb5707","02bf1a6f62cfee46488f9c90afbbdb39bb5707","02bf1a6f62cfee46488f9c90afbbdb39bb5707","C:\Users\itsupport\Dropbox\ProjectE\.git\objects\13\02bf1a6f62cfee46488f9c90afbbdb39bb5707","02bf1a6f62cfee46488f9c90afbbdb39bb5707 (C:\Users\itsupport\Dropbox\ProjectE\.git\objects\13)",".","02bf1a6f62cfee46488f9c90afbbdb39bb5707","1077936503","0","26/04/2018 18:35:51.1262963","0","file","1","D38697D839209FB4","File","2971"
"1B8171CF989EC48F7F9D5EF35D467E4E","15124E12","1cdb6416df9e5076b10fee0a942565ce59cfe7","401","33","12/03/2018 23:21:50.2909936","26/04/2018 18:35:30.0637406","26/04/2018 18:35:30.0637406","file:C:/Users/itsupport/Dropbox/ProjectE/.git/objects/2b/1cdb6416df9e5076b10fee0a942565ce59cfe7","2b","12/03/2018 23:21:50.2909936","12/03/2018 23:21:50.2909936","12/03/2018 23:21:50.2909936","6","False","False","False","12/03/2018 23:21:50.2909936","C:\Users\itsupport\Dropbox\ProjectE\.git\objects\2b","2b (C:\Users\itsupport\Dropbox\ProjectE\.git\objects)","1cdb6416df9e5076b10fee0a942565ce59cfe7","1cdb6416df9e5076b10fee0a942565ce59cfe7","1cdb6416df9e5076b10fee0a942565ce59cfe7","C:\Users\itsupport\Dropbox\ProjectE\.git\objects\2b\1cdb6416df9e5076b10fee0a942565ce59cfe7","1cdb6416df9e5076b10fee0a942565ce59cfe7 (C:\Users\itsupport\Dropbox\ProjectE\.git\objects\2b)",".","1cdb6416df9e5076b10fee0a942565ce59cfe7","1077936503","0","26/04/2018 18:35:51.1262963","0","file","1","502E834E2EE229DF","File","2973"
"C21092958F29DF8790712901FA60F290","15124E12","445190bce54c0b3b0dcfbca4000fae85a39f86","73","33","12/03/2018 23:21:50.2595058","26/04/2018 18:35:30.0950306","26/04/2018 18:35:30.0950306","file:C:/Users/itsupport/Dropbox/ProjectE/.git/objects/33/445190bce54c0b3b0dcfbca4000fae85a39f86","33","12/03/2018 23:21:50.2595058","12/03/2018 23:21:50.2595058","12/03/2018 23:21:50.2595058","6","False","False","False","12/03/2018 23:21:50.2595058","C:\Users\itsupport\Dropbox\ProjectE\.git\objects\33","33 (C:\Users\itsupport\Dropbox\ProjectE\.git\objects)","445190bce54c0b3b0dcfbca4000fae85a39f86","445190bce54c0b3b0dcfbca4000fae85a39f86","445190bce54c0b3b0dcfbca4000fae85a39f86","C:\Users\itsupport\Dropbox\ProjectE\.git\objects\33\445190bce54c0b3b0dcfbca4000fae85a39f86","445190bce54c0b3b0dcfbca4000fae85a39f86 (C:\Users\itsupport\Dropbox\ProjectE\.git\objects\33)",".","445190bce54c0b3b0dcfbca4000fae85a39f86","1077936503","0","26/04/2018 18:35:51.1262963","0","file","1","DE040CAA13127F86","File","2975"
"CCE645BF24770A4EF5B8AD150F07EB54","15124E12","657a8b83beb5d5f1ef27948420cae7f3f3d362","2899","33","12/03/2018 23:21:50.3063000","26/04/2018 18:35:30.0950306","26/04/2018 18:35:30.0950306","file:C:/Users/itsupport/Dropbox/ProjectE/.git/objects/33/657a8b83beb5d5f1ef27948420cae7f3f3d362","33","12/03/2018 23:21:50.3063000","12/03/2018 23:21:50.3063000","12/03/2018 23:21:50.3063000","6","False","False","False","12/03/2018 23:21:50.3063000","C:\Users\itsupport\Dropbox\ProjectE\.git\objects\33","33 (C:\Users\itsupport\Dropbox\ProjectE\.git\objects)","657a8b83beb5d5f1ef27948420cae7f3f3d362","657a8b83beb5d5f1ef27948420cae7f3f3d362","657a8b83beb5d5f1ef27948420cae7f3f3d362","C:\Users\itsupport\Dropbox\ProjectE\.git\objects\33\657a8b83beb5d5f1ef27948420cae7f3f3d362","657a8b83beb5d5f1ef27948420cae7f3f3d362 (C:\Users\itsupport\Dropbox\ProjectE\.git\objects\33)",".","657a8b83beb5d5f1ef27948420cae7f3f3d362","1077936503","0","26/04/2018 18:35:51.1107474","0,015625","file","1","9DD7D2ECDBE352C7","File","2976"
"52D3E9F297FB393F64FCB0985F1C2EB8","15124E12","6c20e4e67e35d66c7d95edf750c38aba4e0f6b","3119","33","12/03/2018 23:21:50.4312950","26/04/2018 18:35:30.1418584","26/04/2018 18:35:30.1418584","file:C:/Users/itsupport/Dropbox/ProjectE/.git/objects/34/6c20e4e67e35d66c7d95edf750c38aba4e0f6b","34","12/03/2018 23:21:50.4312950","12/03/2018 23:21:50.4312950","12/03/2018 23:21:50.4312950","6","False","False","False","12/03/2018 23:21:50.4312950","C:\Users\itsupport\Dropbox\ProjectE\.git\objects\34","34 (C:\Users\itsupport\Dropbox\ProjectE\.git\objects)","6c20e4e67e35d66c7d95edf750c38aba4e0f6b","6c20e4e67e35d66c7d95edf750c38aba4e0f6b","6c20e4e67e35d66c7d95edf750c38aba4e0f6b","C:\Users\itsupport\Dropbox\ProjectE\.git\objects\34\6c20e4e67e35d66c7d95edf750c38aba4e0f6b","6c20e4e67e35d66c7d95edf750c38aba4e0f6b (C:\Users\itsupport\Dropbox\ProjectE\.git\objects\34)",".","6c20e4e67e35d66c7d95edf750c38aba4e0f6b","1077936503","0","26/04/2018 18:35:51.1107474","0","file","1","539917561928C43A","File","2978"
"106428939C2F4A32B685D501DD93C673","15124E12","2fef37f57186fc89672bcb038728acf38d1e75","587","33","12/03/2018 23:21:50.6031090","26/04/2018 18:35:30.1731978","26/04/2018 18:35:30.1731978","file:C:/Users/itsupport/Dropbox/ProjectE/.git/objects/35/2fef37f57186fc89672bcb038728acf38d1e75","35","12/03/2018 23:21:50.6031090","12/03/2018 23:21:50.6031090","12/03/2018 23:21:50.6031090","6","False","False","False","12/03/2018 23:21:50.6031090","C:\Users\itsupport\Dropbox\ProjectE\.git\objects\35","35 (C:\Users\itsupport\Dropbox\ProjectE\.git\objects)","2fef37f57186fc89672bcb038728acf38d1e75","2fef37f57186fc89672bcb038728acf38d1e75","2fef37f57186fc89672bcb038728acf38d1e75","C:\Users\itsupport\Dropbox\ProjectE\.git\objects\35\2fef37f57186fc89672bcb038728acf38d1e75","2fef37f57186fc89672bcb038728acf38d1e75 (C:\Users\itsupport\Dropbox\ProjectE\.git\objects\35)",".","2fef37f57186fc89672bcb038728acf38d1e75","1077936503","0","26/04/2018 18:35:51.1107474","0","file","1","B6EBC78A0DAB5667","File","2980"
"85D7F0EC424C46743DFFA148C4C88E41","15124E12","7b8b1e5c9d0984ef36e991b5b02de6e53600ed","2927","33","12/03/2018 23:21:50.4937272","26/04/2018 18:35:30.2044107","26/04/2018 18:35:30.2044107","file:C:/Users/itsupport/Dropbox/ProjectE/.git/objects/3f/7b8b1e5c9d0984ef36e991b5b02de6e53600ed","3f","12/03/2018 23:21:50.4937272","12/03/2018 23:21:50.4937272","12/03/2018 23:21:50.4937272","6","False","False","False","12/03/2018 23:21:50.4937272","C:\Users\itsupport\Dropbox\ProjectE\.git\objects\3f","3f (C:\Users\itsupport\Dropbox\ProjectE\.git\objects)","7b8b1e5c9d0984ef36e991b5b02de6e53600ed","7b8b1e5c9d0984ef36e991b5b02de6e53600ed","7b8b1e5c9d0984ef36e991b5b02de6e53600ed","C:\Users\itsupport\Dropbox\ProjectE\.git\objects\3f\7b8b1e5c9d0984ef36e991b5b02de6e53600ed","7b8b1e5c9d0984ef36e991b5b02de6e53600ed (C:\Users\itsupport\Dropbox\ProjectE\.git\objects\3f)",".","7b8b1e5c9d0984ef36e991b5b02de6e53600ed","1077936503","0","26/04/2018 18:35:51.0950454","0","file","1","38F8446C0FB3CD47","File","2982"
"10D4FAC84ECD8C95ADCA12E7107344AF","15124E12","4553d9de409a349052b7ec4771ff829e925d8d","595","33","12/03/2018 23:21:50.3843818","26/04/2018 18:35:30.2356007","26/04/2018 18:35:30.2356007","file:C:/Users/itsupport/Dropbox/ProjectE/.git/objects/4e/4553d9de409a349052b7ec4771ff829e925d8d","4e","12/03/2018 23:21:50.3843818","12/03/2018 23:21:50.3843818","12/03/2018 23:21:50.3843818","6","False","False","False","12/03/2018 23:21:50.3843818","C:\Users\itsupport\Dropbox\ProjectE\.git\objects\4e","4e (C:\Users\itsupport\Dropbox\ProjectE\.git\objects)","4553d9de409a349052b7ec4771ff829e925d8d","4553d9de409a349052b7ec4771ff829e925d8d","4553d9de409a349052b7ec4771ff829e925d8d","C:\Users\itsupport\Dropbox\ProjectE\.git\objects\4e\4553d9de409a349052b7ec4771ff829e925d8d","4553d9de409a349052b7ec4771ff829e925d8d (C:\Users\itsupport\Dropbox\ProjectE\.git\objects\4e)",".","4553d9de409a349052b7ec4771ff829e925d8d","1077936503","0","26/04/2018 18:35:51.0950454","0,015625","file","1","B7B44825C77D2F2D","File","2984"
"32CCF6C01DDD8E4489F32E382C7A169F","15124E12","5bb0759f5e8ca208bd43e0f5891f7b4066af33","350","33","12/03/2018 23:21:50.4156433","26/04/2018 18:35:30.2512332","26/04/2018 18:35:30.2512332","file:C:/Users/itsupport/Dropbox/ProjectE/.git/objects/54/5bb0759f5e8ca208bd43e0f5891f7b4066af33","54","12/03/2018 23:21:50.4156433","12/03/2018 23:21:50.4156433","12/03/2018 23:21:50.4156433","6","False","False","False","12/03/2018 23:21:50.4156433","C:\Users\itsupport\Dropbox\ProjectE\.git\objects\54","54 (C:\Users\itsupport\Dropbox\ProjectE\.git\objects)","5bb0759f5e8ca208bd43e0f5891f7b4066af33","5bb0759f5e8ca208bd43e0f5891f7b4066af33","5bb0759f5e8ca208bd43e0f5891f7b4066af33","C:\Users\itsupport\Dropbox\ProjectE\.git\objects\54\5bb0759f5e8ca208bd43e0f5891f7b4066af33","5bb0759f5e8ca208bd43e0f5891f7b4066af33 (C:\Users\itsupport\Dropbox\ProjectE\.git\objects\54)",".","5bb0759f5e8ca208bd43e0f5891f7b4066af33","1077936503","0","26/04/2018 18:35:51.0794571","0","file","1","EFDFF00C8F5ED239","File","2986"
"DF92D6B5D1A6544E2B7DBD24A5CE3B0B","15124E12","47fe5abb6073e0fef739736393a5c1bd53062e","198","33","12/03/2018 23:21:50.4468958","26/04/2018 18:35:30.2982366","26/04/2018 18:35:30.2982366","file:C:/Users/itsupport/Dropbox/ProjectE/.git/objects/55/47fe5abb6073e0fef739736393a5c1bd53062e","55","12/03/2018 23:21:50.4468958","12/03/2018 23:21:50.4468958","12/03/2018 23:21:50.4468958","6","False","False","False","12/03/2018 23:21:50.4468958","C:\Users\itsupport\Dropbox\ProjectE\.git\objects\55","55 (C:\Users\itsupport\Dropbox\ProjectE\.git\objects)","47fe5abb6073e0fef739736393a5c1bd53062e","47fe5abb6073e0fef739736393a5c1bd53062e","47fe5abb6073e0fef739736393a5c1bd53062e","C:\Users\itsupport\Dropbox\ProjectE\.git\objects\55\47fe5abb6073e0fef739736393a5c1bd53062e","47fe5abb6073e0fef739736393a5c1bd53062e (C:\Users\itsupport\Dropbox\ProjectE\.git\objects\55)",".","47fe5abb6073e0fef739736393a5c1bd53062e","1077936503","0","26/04/2018 18:35:51.0794571","0","file","1","70029DA67C5DCEF6","File","2988"
"CF64A8B78839121FAC174389F33D3BCB","15124E12","3fc4c81e139b29423be0acdcfdbbc34dfb32d8","137","33","12/03/2018 23:21:50.2442139","26/04/2018 18:35:30.3294308","26/04/2018 18:35:30.3294308","file:C:/Users/itsupport/Dropbox/ProjectE/.git/objects/5e/3fc4c81e139b29423be0acdcfdbbc34dfb32d8","5e","12/03/2018 23:21:50.2442139","12/03/2018 23:21:50.2442139","12/03/2018 23:21:50.2442139","6","False","False","False","12/03/2018 23:21:50.2442139","C:\Users\itsupport\Dropbox\ProjectE\.git\objects\5e","5e (C:\Users\itsupport\Dropbox\ProjectE\.git\objects)","3fc4c81e139b29423be0acdcfdbbc34dfb32d8","3fc4c81e139b29423be0acdcfdbbc34dfb32d8","3fc4c81e139b29423be0acdcfdbbc34dfb32d8","C:\Users\itsupport\Dropbox\ProjectE\.git\objects\5e\3fc4c81e139b29423be0acdcfdbbc34dfb32d8","3fc4c81e139b29423be0acdcfdbbc34dfb32d8 (C:\Users\itsupport\Dropbox\ProjectE\.git\objects\5e)",".","3fc4c81e139b29423be0acdcfdbbc34dfb32d8","1077936503","0","26/04/2018 18:35:51.0794571","0,015625","file","1","67BE9BD26E5697BE","File","2990"
"0CF61307B4F93E4D0AA13C8CD0A7ECEB","15124E12","f75a7f133709df49f18cb2ea58e28334eb38af","172","33","12/03/2018 23:21:50.3063000","26/04/2018 18:35:30.3606932","26/04/2018 18:35:30.3606932","file:C:/Users/itsupport/Dropbox/ProjectE/.git/objects/6a/f75a7f133709df49f18cb2ea58e28334eb38af","6a","12/03/2018 23:21:50.3063000","12/03/2018 23:21:50.3063000","12/03/2018 23:21:50.3063000","6","False","False","False","12/03/2018 23:21:50.3063000","C:\Users\itsupport\Dropbox\ProjectE\.git\objects\6a","6a (C:\Users\itsupport\Dropbox\ProjectE\.git\objects)","f75a7f133709df49f18cb2ea58e28334eb38af","f75a7f133709df49f18cb2ea58e28334eb38af","f75a7f133709df49f18cb2ea58e28334eb38af","C:\Users\itsupport\Dropbox\ProjectE\.git\objects\6a\f75a7f133709df49f18cb2ea58e28334eb38af","f75a7f133709df49f18cb2ea58e28334eb38af (C:\Users\itsupport\Dropbox\ProjectE\.git\objects\6a)",".","f75a7f133709df49f18cb2ea58e28334eb38af","1077936503","0","26/04/2018 18:35:51.0637574","0","file","1","6FDDA439EA04A32A","File","2992"
"62623E0D23EC5FDE4A4C83C31EB6C2FC","15124E12","c560ed6fe51cf280081af9363f53dab65bab70","397","33","12/03/2018 23:21:50.3374794","26/04/2018 18:35:30.3918670","26/04/2018 18:35:30.3918670","file:C:/Users/itsupport/Dropbox/ProjectE/.git/objects/7e/c560ed6fe51cf280081af9363f53dab65bab70","7e","12/03/2018 23:21:50.3374794","12/03/2018 23:21:50.3374794","12/03/2018 23:21:50.3374794","6","False","False","False","12/03/2018 23:21:50.3374794","C:\Users\itsupport\Dropbox\ProjectE\.git\objects\7e","7e (C:\Users\itsupport\Dropbox\ProjectE\.git\objects)","c560ed6fe51cf280081af9363f53dab65bab70","c560ed6fe51cf280081af9363f53dab65bab70","c560ed6fe51cf280081af9363f53dab65bab70","C:\Users\itsupport\Dropbox\ProjectE\.git\objects\7e\c560ed6fe51cf280081af9363f53dab65bab70","c560ed6fe51cf280081af9363f53dab65bab70 (C:\Users\itsupport\Dropbox\ProjectE\.git\objects\7e)",".","c560ed6fe51cf280081af9363f53dab65bab70","1077936503","0","26/04/2018 18:35:51.0637574","0","file","1","02861241B6490885","File","2994"
"AB77170AB684761B0E71AFCC330EE58C","15124E12","7211a3858960333c8e44f78c759ded7ec877d3","173","33","12/03/2018 23:21:50.5250480","26/04/2018 18:35:30.4231804","26/04/2018 18:35:30.4231804","file:C:/Users/itsupport/Dropbox/ProjectE/.git/objects/85/7211a3858960333c8e44f78c759ded7ec877d3","85","12/03/2018 23:21:50.5250480","12/03/2018 23:21:50.5250480","12/03/2018 23:21:50.5250480","6","False","False","False","12/03/2018 23:21:50.5250480","C:\Users\itsupport\Dropbox\ProjectE\.git\objects\85","85 (C:\Users\itsupport\Dropbox\ProjectE\.git\objects)","7211a3858960333c8e44f78c759ded7ec877d3","7211a3858960333c8e44f78c759ded7ec877d3","7211a3858960333c8e44f78c759ded7ec877d3","C:\Users\itsupport\Dropbox\ProjectE\.git\objects\85\7211a3858960333c8e44f78c759ded7ec877d3","7211a3858960333c8e44f78c759ded7ec877d3 (C:\Users\itsupport\Dropbox\ProjectE\.git\objects\85)",".","7211a3858960333c8e44f78c759ded7ec877d3","1077936503","0","26/04/2018 18:35:51.0637574","0","file","1","C315038424A9E6D4","File","2996"
"0C3CC5D1EC42053CAE92F7FB27C728E8","15124E12","91599ca82f569b1ee19a5cceb5387dd3d7bbad","125","33","12/03/2018 23:21:50.3220967","26/04/2018 18:35:30.4388204","26/04/2018 18:35:30.4388204","file:C:/Users/itsupport/Dropbox/ProjectE/.git/objects/91/91599ca82f569b1ee19a5cceb5387dd3d7bbad","91","12/03/2018 23:21:50.3220967","12/03/2018 23:21:50.3220967","12/03/2018 23:21:50.3220967","6","False","False","False","12/03/2018 23:21:50.3220967","C:\Users\itsupport\Dropbox\ProjectE\.git\objects\91","91 (C:\Users\itsupport\Dropbox\ProjectE\.git\objects)","91599ca82f569b1ee19a5cceb5387dd3d7bbad","91599ca82f569b1ee19a5cceb5387dd3d7bbad","91599ca82f569b1ee19a5cceb5387dd3d7bbad","C:\Users\itsupport\Dropbox\ProjectE\.git\objects\91\91599ca82f569b1ee19a5cceb5387dd3d7bbad","91599ca82f569b1ee19a5cceb5387dd3d7bbad (C:\Users\itsupport\Dropbox\ProjectE\.git\objects\91)",".","91599ca82f569b1ee19a5cceb5387dd3d7bbad","1077936503","0","26/04/2018 18:35:51.0481940","0","file","1","B243E52F9B815F0E","File","2998"
"D652958037A69931810190824965B7C0","15124E12","498f466eaee6485465585c3c5281a42154ecc7","606","33","12/03/2018 23:21:50.5720450","26/04/2018 18:35:30.4702797","26/04/2018 18:35:30.4702797","file:C:/Users/itsupport/Dropbox/ProjectE/.git/objects/97/498f466eaee6485465585c3c5281a42154ecc7","97","12/03/2018 23:21:50.5720450","12/03/2018 23:21:50.5720450","12/03/2018 23:21:50.5720450","6","False","False","False","12/03/2018 23:21:50.5720450","C:\Users\itsupport\Dropbox\ProjectE\.git\objects\97","97 (C:\Users\itsupport\Dropbox\ProjectE\.git\objects)","498f466eaee6485465585c3c5281a42154ecc7","498f466eaee6485465585c3c5281a42154ecc7","498f466eaee6485465585c3c5281a42154ecc7","C:\Users\itsupport\Dropbox\ProjectE\.git\objects\97\498f466eaee6485465585c3c5281a42154ecc7","498f466eaee6485465585c3c5281a42154ecc7 (C:\Users\itsupport\Dropbox\ProjectE\.git\objects\97)",".","498f466eaee6485465585c3c5281a42154ecc7","1077936503","0","26/04/2018 18:35:51.0481940","0","file","1","7A3DCDF214DEA51A","File","3000"
"3625B93E83990FF88B5DBCB131A3408A","15124E12","62778cff0f3fef0d450d05413f047a759ff950","655","33","12/03/2018 23:21:50.5094680","26/04/2018 18:35:30.5012881","26/04/2018 18:35:30.5012881","file:C:/Users/itsupport/Dropbox/ProjectE/.git/objects/a4/62778cff0f3fef0d450d05413f047a759ff950","a4","12/03/2018 23:21:50.5094680","12/03/2018 23:21:50.5094680","12/03/2018 23:21:50.5094680","6","False","False","False","12/03/2018 23:21:50.5094680","C:\Users\itsupport\Dropbox\ProjectE\.git\objects\a4","a4 (C:\Users\itsupport\Dropbox\ProjectE\.git\objects)","62778cff0f3fef0d450d05413f047a759ff950","62778cff0f3fef0d450d05413f047a759ff950","62778cff0f3fef0d450d05413f047a759ff950","C:\Users\itsupport\Dropbox\ProjectE\.git\objects\a4\62778cff0f3fef0d450d05413f047a759ff950","62778cff0f3fef0d450d05413f047a759ff950 (C:\Users\itsupport\Dropbox\ProjectE\.git\objects\a4)",".","62778cff0f3fef0d450d05413f047a759ff950","1077936503","0","26/04/2018 18:35:51.0481940","0,015625","file","1","AD582565E3AA92F5","File","3002"
"7F316918921F5A0436287FBA9E3B6E00","15124E12","23da0387fa7848d4b83205100cc9a3aa1edd35","340","33","12/03/2018 23:21:50.4626777","26/04/2018 18:35:30.5325267","26/04/2018 18:35:30.5325267","file:C:/Users/itsupport/Dropbox/ProjectE/.git/objects/c3/23da0387fa7848d4b83205100cc9a3aa1edd35","c3","12/03/2018 23:21:50.4626777","12/03/2018 23:21:50.4626777","12/03/2018 23:21:50.4626777","6","False","False","False","12/03/2018 23:21:50.4626777","C:\Users\itsupport\Dropbox\ProjectE\.git\objects\c3","c3 (C:\Users\itsupport\Dropbox\ProjectE\.git\objects)","23da0387fa7848d4b83205100cc9a3aa1edd35","23da0387fa7848d4b83205100cc9a3aa1edd35","23da0387fa7848d4b83205100cc9a3aa1edd35","C:\Users\itsupport\Dropbox\ProjectE\.git\objects\c3\23da0387fa7848d4b83205100cc9a3aa1edd35","23da0387fa7848d4b83205100cc9a3aa1edd35 (C:\Users\itsupport\Dropbox\ProjectE\.git\objects\c3)",".","23da0387fa7848d4b83205100cc9a3aa1edd35","1077936503","0","26/04/2018 18:35:51.0325406","0","file","1","AACD540EF2DC3347","File","3004"
"598767BD9A551E5B84D0E56EDEA593D7","15124E12","2d89bd8330e7e1e02e6e9012524f8ed5a93ec2","266","33","12/03/2018 23:21:50.3843818","26/04/2018 18:35:30.5491350","26/04/2018 18:35:30.5491350","file:C:/Users/itsupport/Dropbox/ProjectE/.git/objects/c8/2d89bd8330e7e1e02e6e9012524f8ed5a93ec2","c8","12/03/2018 23:21:50.3843818","12/03/2018 23:21:50.3843818","12/03/2018 23:21:50.3843818","6","False","False","False","12/03/2018 23:21:50.3843818","C:\Users\itsupport\Dropbox\ProjectE\.git\objects\c8","c8 (C:\Users\itsupport\Dropbox\ProjectE\.git\objects)","2d89bd8330e7e1e02e6e9012524f8ed5a93ec2","2d89bd8330e7e1e02e6e9012524f8ed5a93ec2","2d89bd8330e7e1e02e6e9012524f8ed5a93ec2","C:\Users\itsupport\Dropbox\ProjectE\.git\objects\c8\2d89bd8330e7e1e02e6e9012524f8ed5a93ec2","2d89bd8330e7e1e02e6e9012524f8ed5a93ec2 (C:\Users\itsupport\Dropbox\ProjectE\.git\objects\c8)",".","2d89bd8330e7e1e02e6e9012524f8ed5a93ec2","1077936503","0","26/04/2018 18:35:51.0325406","0","file","1","5029A715B50FADEE","File","3006"
"DAE7AE509E2E2E7A8FFD9C78132283DB","15124E12","45695673349e3947e8e5ae42332d0ac3164cd7","4447","33","12/03/2018 23:21:50.4785292","26/04/2018 18:35:30.5639654","26/04/2018 18:35:30.5639654","file:C:/Users/itsupport/Dropbox/ProjectE/.git/objects/d6/45695673349e3947e8e5ae42332d0ac3164cd7","d6","12/03/2018 23:21:50.4785292","12/03/2018 23:21:50.4785292","12/03/2018 23:21:50.4785292","6","False","False","False","12/03/2018 23:21:50.4785292","C:\Users\itsupport\Dropbox\ProjectE\.git\objects\d6","d6 (C:\Users\itsupport\Dropbox\ProjectE\.git\objects)","45695673349e3947e8e5ae42332d0ac3164cd7","45695673349e3947e8e5ae42332d0ac3164cd7","45695673349e3947e8e5ae42332d0ac3164cd7","C:\Users\itsupport\Dropbox\ProjectE\.git\objects\d6\45695673349e3947e8e5ae42332d0ac3164cd7","45695673349e3947e8e5ae42332d0ac3164cd7 (C:\Users\itsupport\Dropbox\ProjectE\.git\objects\d6)",".","45695673349e3947e8e5ae42332d0ac3164cd7","1077936503","0","26/04/2018 18:35:51.0325406","0,015625","file","1","0D3899A2EB743865","File","3008"
"ED8D2DC440027D6F7E49E56FBDD35928","15124E12","e4ab45a259c14e345b59e9add49840e0560a44","741","33","12/03/2018 23:21:50.5875802","26/04/2018 18:35:30.5794673","26/04/2018 18:35:30.5794673","file:C:/Users/itsupport/Dropbox/ProjectE/.git/objects/d6/e4ab45a259c14e345b59e9add49840e0560a44","d6","12/03/2018 23:21:50.5875802","12/03/2018 23:21:50.5875802","12/03/2018 23:21:50.5875802","6","False","False","False","12/03/2018 23:21:50.5875802","C:\Users\itsupport\Dropbox\ProjectE\.git\objects\d6","d6 (C:\Users\itsupport\Dropbox\ProjectE\.git\objects)","e4ab45a259c14e345b59e9add49840e0560a44","e4ab45a259c14e345b59e9add49840e0560a44","e4ab45a259c14e345b59e9add49840e0560a44","C:\Users\itsupport\Dropbox\ProjectE\.git\objects\d6\e4ab45a259c14e345b59e9add49840e0560a44","e4ab45a259c14e345b59e9add49840e0560a44 (C:\Users\itsupport\Dropbox\ProjectE\.git\objects\d6)",".","e4ab45a259c14e345b59e9add49840e0560a44","1077936503","0","26/04/2018 18:35:51.0168972","0","file","1","D3D34464C4B28417","File","3009"
"DF5E510B2BF621FAC1F7CF1D84F1D5D0","15124E12","9ff2a44386c3757bcf5ca787a4cfeb11a62cb3","318","33","12/03/2018 23:21:50.2595058","26/04/2018 18:35:30.6106864","26/04/2018 18:35:30.6106864","file:C:/Users/itsupport/Dropbox/ProjectE/.git/objects/d8/9ff2a44386c3757bcf5ca787a4cfeb11a62cb3","d8","12/03/2018 23:21:50.2595058","12/03/2018 23:21:50.2595058","12/03/2018 23:21:50.2595058","6","False","False","False","12/03/2018 23:21:50.2595058","C:\Users\itsupport\Dropbox\ProjectE\.git\objects\d8","d8 (C:\Users\itsupport\Dropbox\ProjectE\.git\objects)","9ff2a44386c3757bcf5ca787a4cfeb11a62cb3","9ff2a44386c3757bcf5ca787a4cfeb11a62cb3","9ff2a44386c3757bcf5ca787a4cfeb11a62cb3","C:\Users\itsupport\Dropbox\ProjectE\.git\objects\d8\9ff2a44386c3757bcf5ca787a4cfeb11a62cb3","9ff2a44386c3757bcf5ca787a4cfeb11a62cb3 (C:\Users\itsupport\Dropbox\ProjectE\.git\objects\d8)",".","9ff2a44386c3757bcf5ca787a4cfeb11a62cb3","1077936503","0","26/04/2018 18:35:51.0168972","0","file","1","64C20EF6890750F6","File","3011"
"18C259A74E28909C60470058CA2C0B9A","15124E12","89db0061c302ef48f9a2e19a72f5fa07967015","2259","33","12/03/2018 23:21:50.4000416","26/04/2018 18:35:30.6268256","26/04/2018 18:35:30.6268256","file:C:/Users/itsupport/Dropbox/ProjectE/.git/objects/db/89db0061c302ef48f9a2e19a72f5fa07967015","db","12/03/2018 23:21:50.4000416","12/03/2018 23:21:50.4000416","12/03/2018 23:21:50.4000416","6","False","False","False","12/03/2018 23:21:50.4000416","C:\Users\itsupport\Dropbox\ProjectE\.git\objects\db","db (C:\Users\itsupport\Dropbox\ProjectE\.git\objects)","89db0061c302ef48f9a2e19a72f5fa07967015","89db0061c302ef48f9a2e19a72f5fa07967015","89db0061c302ef48f9a2e19a72f5fa07967015","C:\Users\itsupport\Dropbox\ProjectE\.git\objects\db\89db0061c302ef48f9a2e19a72f5fa07967015","89db0061c302ef48f9a2e19a72f5fa07967015 (C:\Users\itsupport\Dropbox\ProjectE\.git\objects\db)",".","89db0061c302ef48f9a2e19a72f5fa07967015","1077936503","0","26/04/2018 18:35:51.0168972","0","file","1","CFEE25D6F4328747","File","3013"
"5EB233095D2E69BFD5466E476219ECD2","15124E12","bccd4fa300f49e7451286e7769e6fab3c79527","6847","33","12/03/2018 23:21:50.4312950","26/04/2018 18:35:30.6576158","26/04/2018 18:35:30.6576158","file:C:/Users/itsupport/Dropbox/ProjectE/.git/objects/e1/bccd4fa300f49e7451286e7769e6fab3c79527","e1","12/03/2018 23:21:50.4312950","12/03/2018 23:21:50.4312950","12/03/2018 23:21:50.4312950","6","False","False","False","12/03/2018 23:21:50.4312950","C:\Users\itsupport\Dropbox\ProjectE\.git\objects\e1","e1 (C:\Users\itsupport\Dropbox\ProjectE\.git\objects)","bccd4fa300f49e7451286e7769e6fab3c79527","bccd4fa300f49e7451286e7769e6fab3c79527","bccd4fa300f49e7451286e7769e6fab3c79527","C:\Users\itsupport\Dropbox\ProjectE\.git\objects\e1\bccd4fa300f49e7451286e7769e6fab3c79527","bccd4fa300f49e7451286e7769e6fab3c79527 (C:\Users\itsupport\Dropbox\ProjectE\.git\objects\e1)",".","bccd4fa300f49e7451286e7769e6fab3c79527","1077936503","0","26/04/2018 18:35:51.0012841","0","file","1","107A85DF54C11609","File","3015"
"6691BE73FDC3E61DD9805047991013C5","15124E12","9de29bb2d1d6434b8b29ae775ad8c2e48c5391","15","33","12/03/2018 23:21:50.3220967","26/04/2018 18:35:30.6731977","26/04/2018 18:35:30.6731977","file:C:/Users/itsupport/Dropbox/ProjectE/.git/objects/e6/9de29bb2d1d6434b8b29ae775ad8c2e48c5391","e6","12/03/2018 23:21:50.3220967","12/03/2018 23:21:50.3220967","12/03/2018 23:21:50.3220967","6","False","False","False","12/03/2018 23:21:50.3220967","C:\Users\itsupport\Dropbox\ProjectE\.git\objects\e6","e6 (C:\Users\itsupport\Dropbox\ProjectE\.git\objects)","9de29bb2d1d6434b8b29ae775ad8c2e48c5391","9de29bb2d1d6434b8b29ae775ad8c2e48c5391","9de29bb2d1d6434b8b29ae775ad8c2e48c5391","C:\Users\itsupport\Dropbox\ProjectE\.git\objects\e6\9de29bb2d1d6434b8b29ae775ad8c2e48c5391","9de29bb2d1d6434b8b29ae775ad8c2e48c5391 (C:\Users\itsupport\Dropbox\ProjectE\.git\objects\e6)",".","9de29bb2d1d6434b8b29ae775ad8c2e48c5391","1077936503","0","26/04/2018 18:35:51.0012841","0","file","1","0653595A7D015071","File","3017"
"524B9BE5435F2D5348520DB179A88CAF","15124E12","339bf3cc86ce608bec6cf753b6d0224f742d42","1221","33","12/03/2018 23:21:50.3688267","26/04/2018 18:35:30.6887354","26/04/2018 18:35:30.6887354","file:C:/Users/itsupport/Dropbox/ProjectE/.git/objects/f3/339bf3cc86ce608bec6cf753b6d0224f742d42","f3","12/03/2018 23:21:50.3688267","12/03/2018 23:21:50.3688267","12/03/2018 23:21:50.3688267","6","False","False","False","12/03/2018 23:21:50.3688267","C:\Users\itsupport\Dropbox\ProjectE\.git\objects\f3","f3 (C:\Users\itsupport\Dropbox\ProjectE\.git\objects)","339bf3cc86ce608bec6cf753b6d0224f742d42","339bf3cc86ce608bec6cf753b6d0224f742d42","339bf3cc86ce608bec6cf753b6d0224f742d42","C:\Users\itsupport\Dropbox\ProjectE\.git\objects\f3\339bf3cc86ce608bec6cf753b6d0224f742d42","339bf3cc86ce608bec6cf753b6d0224f742d42 (C:\Users\itsupport\Dropbox\ProjectE\.git\objects\f3)",".","339bf3cc86ce608bec6cf753b6d0224f742d42","1077936503","0","26/04/2018 18:35:51.0012841","0,015625","file","1","9C6D2494F7E94E83","File","3019"
"34874A1C1C45D0016CAB847294835DBB","15124E12","aaf43278567996a93d40e0de1bd96762e7911f","831","33","12/03/2018 23:21:50.5094680","26/04/2018 18:35:30.7044072","26/04/2018 18:35:30.7044072","file:C:/Users/itsupport/Dropbox/ProjectE/.git/objects/f3/aaf43278567996a93d40e0de1bd96762e7911f","f3","12/03/2018 23:21:50.5094680","12/03/2018 23:21:50.5094680","12/03/2018 23:21:50.5094680","6","False","False","False","12/03/2018 23:21:50.5094680","C:\Users\itsupport\Dropbox\ProjectE\.git\objects\f3","f3 (C:\Users\itsupport\Dropbox\ProjectE\.git\objects)","aaf43278567996a93d40e0de1bd96762e7911f","aaf43278567996a93d40e0de1bd96762e7911f","aaf43278567996a93d40e0de1bd96762e7911f","C:\Users\itsupport\Dropbox\ProjectE\.git\objects\f3\aaf43278567996a93d40e0de1bd96762e7911f","aaf43278567996a93d40e0de1bd96762e7911f (C:\Users\itsupport\Dropbox\ProjectE\.git\objects\f3)",".","aaf43278567996a93d40e0de1bd96762e7911f","1077936503","0","26/04/2018 18:35:50.9856704","0","file","1","E304D4B724F60E8B","File","3020"
"782519E3F13B2CEF5A2B195ECC0DAF37","15124E12","master","41","32","12/03/2018 23:21:50.7907806","26/04/2018 18:35:30.7825580","26/04/2018 18:35:30.7825580","file:C:/Users/itsupport/Dropbox/ProjectE/.git/refs/heads/master","heads","12/03/2018 23:21:50.7907806","12/03/2018 23:21:50.7907806","12/03/2018 23:21:50.7907806","6","False","False","False","12/03/2018 23:21:50.7907806","C:\Users\itsupport\Dropbox\ProjectE\.git\refs\heads","heads (C:\Users\itsupport\Dropbox\ProjectE\.git\refs)","master","master","master","C:\Users\itsupport\Dropbox\ProjectE\.git\refs\heads\master","master (C:\Users\itsupport\Dropbox\ProjectE\.git\refs\heads)",".","master","1077936503","0","26/04/2018 18:35:50.9856704","0","file","1","E615425393C27CCA","File","3025"
"6B55CEAFC28BA6CE9759997606700D5E","15124E12","HEAD","32","32","12/03/2018 23:21:50.7907806","26/04/2018 18:35:30.8138262","26/04/2018 18:35:30.8138262","file:C:/Users/itsupport/Dropbox/ProjectE/.git/refs/remotes/origin/HEAD","origin","12/03/2018 23:21:50.7907806","12/03/2018 23:21:50.7907806","12/03/2018 23:21:50.7907806","6","False","False","False","12/03/2018 23:21:50.7907806","C:\Users\itsupport\Dropbox\ProjectE\.git\refs\remotes\origin","origin (C:\Users\itsupport\Dropbox\ProjectE\.git\refs\remotes)","HEAD","HEAD","HEAD","C:\Users\itsupport\Dropbox\ProjectE\.git\refs\remotes\origin\HEAD","HEAD (C:\Users\itsupport\Dropbox\ProjectE\.git\refs\remotes\origin)",".","HEAD","1077936503","0","26/04/2018 18:35:50.9856704","0,015625","file","1","CE5B5874FAE44A59","File","3028"
"20ABC2EF50C3A3EFFF8B1D74B57FB496","15124E12","LICENSE","11555","32","13/03/2018 15:54:19.1656182","26/04/2018 18:35:31.4700132","26/04/2018 18:35:31.4700132","file:C:/Users/itsupport/Dropbox/ProjectS/LICENSE","ProjectS","13/03/2018 15:54:19.1656182","13/03/2018 15:54:19.1656182","13/03/2018 15:54:19.1656182","6","False","False","False","13/03/2018 15:54:19.1656182","C:\Users\itsupport\Dropbox\ProjectS","ProjectS (C:\Users\itsupport\Dropbox)","LICENSE","LICENSE","LICENSE","C:\Users\itsupport\Dropbox\ProjectS\LICENSE","LICENSE (C:\Users\itsupport\Dropbox\ProjectS)",".","LICENSE","1077936503","0","26/04/2018 18:35:48.4543900","0","file","1","6DE0EAF25A92786F","File","3077"
"2FF82893518805A1D2AE7BD856DED860","15124E12","config","302","32","13/03/2018 15:54:19.1042956","26/04/2018 18:35:31.5012521","26/04/2018 18:35:31.5012521","file:C:/Users/itsupport/Dropbox/ProjectS/.git/config",".git","13/03/2018 15:54:19.1042956","13/03/2018 15:54:19.1042956","13/03/2018 15:54:19.1042956","6","False","False","False","13/03/2018 15:54:19.1042956","C:\Users\itsupport\Dropbox\ProjectS\.git",".git (C:\Users\itsupport\Dropbox\ProjectS)","config","config","config","C:\Users\itsupport\Dropbox\ProjectS\.git\config","config (C:\Users\itsupport\Dropbox\ProjectS\.git)",".","config","1077936503","0","26/04/2018 18:35:48.4543900","0","file","1","467F66588DEC4A8A","File","3080"
"D58AFA25DD616150880F784F79EA8333","15124E12","description","73","32","13/03/2018 15:54:17.3862091","26/04/2018 18:35:31.5012521","26/04/2018 18:35:31.5012521","file:C:/Users/itsupport/Dropbox/ProjectS/.git/description",".git","13/03/2018 15:54:17.3862091","13/03/2018 15:54:17.3862091","13/03/2018 15:54:17.3862091","6","False","False","False","13/03/2018 15:54:17.3862091","C:\Users\itsupport\Dropbox\ProjectS\.git",".git (C:\Users\itsupport\Dropbox\ProjectS)","description","description","description","C:\Users\itsupport\Dropbox\ProjectS\.git\description","description (C:\Users\itsupport\Dropbox\ProjectS\.git)",".","description","1077936503","0","26/04/2018 18:35:48.4543900","0","file","1","A3E397936A7F1F65","File","3081"
"6B55CEAFC28BA6CE9759997606700D5E","15124E12","HEAD","23","32","13/03/2018 15:54:19.0875161","26/04/2018 18:35:31.5168795","26/04/2018 18:35:31.5168795","file:C:/Users/itsupport/Dropbox/ProjectS/.git/HEAD",".git","13/03/2018 15:54:19.0875161","13/03/2018 15:54:19.0875161","13/03/2018 15:54:19.0875161","6","False","False","False","13/03/2018 15:54:19.0875161","C:\Users\itsupport\Dropbox\ProjectS\.git",".git (C:\Users\itsupport\Dropbox\ProjectS)","HEAD","HEAD","HEAD","C:\Users\itsupport\Dropbox\ProjectS\.git\HEAD","HEAD (C:\Users\itsupport\Dropbox\ProjectS\.git)",".","HEAD","1077936503","0","26/04/2018 18:35:48.4543900","0,015625","file","1","F6B163D41E38B36B","File","3082"
"C034E86745D3AA389A7ABF1D7A5C684F","15124E12","index","1162","32","13/03/2018 15:54:19.2126471","26/04/2018 18:35:31.5168795","26/04/2018 18:35:31.5168795","file:C:/Users/itsupport/Dropbox/ProjectS/.git/index",".git","13/03/2018 15:54:19.2126471","13/03/2018 15:54:19.2126471","13/03/2018 15:54:19.2126471","6","False","False","False","13/03/2018 15:54:19.2126471","C:\Users\itsupport\Dropbox\ProjectS\.git",".git (C:\Users\itsupport\Dropbox\ProjectS)","index","index","index","C:\Users\itsupport\Dropbox\ProjectS\.git\index","index (C:\Users\itsupport\Dropbox\ProjectS\.git)",".","index","1077936503","0","26/04/2018 18:35:48.4390730","0","file","1","E1DCB44D636E102F","File","3083"
"E009C60426811E52A5D1E7CDDA229AD8","15124E12","packed-refs","114","32","13/03/2018 15:54:19.0562674","26/04/2018 18:35:31.5325005","26/04/2018 18:35:31.5325005","file:C:/Users/itsupport/Dropbox/ProjectS/.git/packed-refs",".git","13/03/2018 15:54:19.0562674","13/03/2018 15:54:19.0562674","13/03/2018 15:54:19.0562674","6","False","False","False","13/03/2018 15:54:19.0562674","C:\Users\itsupport\Dropbox\ProjectS\.git",".git (C:\Users\itsupport\Dropbox\ProjectS)","packed-refs","packed-refs","packed-refs","C:\Users\itsupport\Dropbox\ProjectS\.git\packed-refs","packed-refs (C:\Users\itsupport\Dropbox\ProjectS\.git)",".","packed-refs","1077936503","0","26/04/2018 18:35:48.4390730","0","file","1","2D39F911D59A822B","File","3084"
"22B3136C94C807F670B691ADB70258D5","15124E12","exclude","240","32","13/03/2018 15:54:17.5406918","26/04/2018 18:35:31.7669169","26/04/2018 18:35:31.7669169","file:C:/Users/itsupport/Dropbox/ProjectS/.git/info/exclude","info","13/03/2018 15:54:17.5406918","13/03/2018 15:54:17.5406918","13/03/2018 15:54:17.5406918","6","False","False","False","13/03/2018 15:54:17.5406918","C:\Users\itsupport\Dropbox\ProjectS\.git\info","info (C:\Users\itsupport\Dropbox\ProjectS\.git)","exclude","exclude","exclude","C:\Users\itsupport\Dropbox\ProjectS\.git\info\exclude","exclude (C:\Users\itsupport\Dropbox\ProjectS\.git\info)",".","exclude","1077936503","0","26/04/2018 18:35:48.3919429","0,015625","file","1","8023AABFEDA1D2C1","File","3098"
"6B55CEAFC28BA6CE9759997606700D5E","15124E12","HEAD","197","32","13/03/2018 15:54:19.0875161","26/04/2018 18:35:31.7825334","26/04/2018 18:35:31.7825334","file:C:/Users/itsupport/Dropbox/ProjectS/.git/logs/HEAD","logs","13/03/2018 15:54:19.0875161","13/03/2018 15:54:19.0875161","13/03/2018 15:54:19.0875161","6","False","False","False","13/03/2018 15:54:19.0875161","C:\Users\itsupport\Dropbox\ProjectS\.git\logs","logs (C:\Users\itsupport\Dropbox\ProjectS\.git)","HEAD","HEAD","HEAD","C:\Users\itsupport\Dropbox\ProjectS\.git\logs\HEAD","HEAD (C:\Users\itsupport\Dropbox\ProjectS\.git\logs)",".","HEAD","1077936503","0","26/04/2018 18:35:48.3762876","0","file","1","0613F24582DA2168","File","3100"
"782519E3F13B2CEF5A2B195ECC0DAF37","15124E12","master","197","32","13/03/2018 15:54:19.1042956","26/04/2018 18:35:31.8147003","26/04/2018 18:35:31.8147003","file:C:/Users/itsupport/Dropbox/ProjectS/.git/logs/refs/heads/master","heads","13/03/2018 15:54:19.1042956","13/03/2018 15:54:19.1042956","13/03/2018 15:54:19.1042956","6","False","False","False","13/03/2018 15:54:19.1042956","C:\Users\itsupport\Dropbox\ProjectS\.git\logs\refs\heads","heads (C:\Users\itsupport\Dropbox\ProjectS\.git\logs\refs)","master","master","master","C:\Users\itsupport\Dropbox\ProjectS\.git\logs\refs\heads\master","master (C:\Users\itsupport\Dropbox\ProjectS\.git\logs\refs\heads)",".","master","1077936503","0","26/04/2018 18:35:48.3762876","0,015625","file","1","BA3BE6352ED9B3A0","File","3103"
"6B55CEAFC28BA6CE9759997606700D5E","15124E12","HEAD","197","32","13/03/2018 15:54:19.0875161","26/04/2018 18:35:31.8451028","26/04/2018 18:35:31.8451028","file:C:/Users/itsupport/Dropbox/ProjectS/.git/logs/refs/remotes/origin/HEAD","origin","13/03/2018 15:54:19.0875161","13/03/2018 15:54:19.0875161","13/03/2018 15:54:19.0875161","6","False","False","False","13/03/2018 15:54:19.0875161","C:\Users\itsupport\Dropbox\ProjectS\.git\logs\refs\remotes\origin","origin (C:\Users\itsupport\Dropbox\ProjectS\.git\logs\refs\remotes)","HEAD","HEAD","HEAD","C:\Users\itsupport\Dropbox\ProjectS\.git\logs\refs\remotes\origin\HEAD","HEAD (C:\Users\itsupport\Dropbox\ProjectS\.git\logs\refs\remotes\origin)",".","HEAD","1077936503","0","26/04/2018 18:35:48.3607493","0","file","1","F0E67B3DE7E7FC53","File","3106"
"D00E0EC9BE7062CAA4472AAD684DA87D","15124E12","d1a0740484a17cfd6bd7ba5912f54601d407c7","143","33","13/03/2018 15:54:18.8375109","26/04/2018 18:35:31.8775642","26/04/2018 18:35:31.8775642","file:C:/Users/itsupport/Dropbox/ProjectS/.git/objects/0f/d1a0740484a17cfd6bd7ba5912f54601d407c7","0f","13/03/2018 15:54:18.8375109","13/03/2018 15:54:18.8375109","13/03/2018 15:54:18.8375109","6","False","False","False","13/03/2018 15:54:18.8375109","C:\Users\itsupport\Dropbox\ProjectS\.git\objects\0f","0f (C:\Users\itsupport\Dropbox\ProjectS\.git\objects)","d1a0740484a17cfd6bd7ba5912f54601d407c7","d1a0740484a17cfd6bd7ba5912f54601d407c7","d1a0740484a17cfd6bd7ba5912f54601d407c7","C:\Users\itsupport\Dropbox\ProjectS\.git\objects\0f\d1a0740484a17cfd6bd7ba5912f54601d407c7","d1a0740484a17cfd6bd7ba5912f54601d407c7 (C:\Users\itsupport\Dropbox\ProjectS\.git\objects\0f)",".","d1a0740484a17cfd6bd7ba5912f54601d407c7","1077936503","0","26/04/2018 18:35:48.3607493","0,015625","file","1","44163060AB65E6FE","File","3109"
"E84C50545AEE151AF274DC8FCC46CE74","15124E12","08e01975e1c6f9371afab2570235780cac8c27","1305","33","13/03/2018 15:54:18.9000294","26/04/2018 18:35:31.8921956","26/04/2018 18:35:31.8921956","file:C:/Users/itsupport/Dropbox/ProjectS/.git/objects/26/08e01975e1c6f9371afab2570235780cac8c27","26","13/03/2018 15:54:18.9000294","13/03/2018 15:54:18.9000294","13/03/2018 15:54:18.9000294","6","False","False","False","13/03/2018 15:54:18.9000294","C:\Users\itsupport\Dropbox\ProjectS\.git\objects\26","26 (C:\Users\itsupport\Dropbox\ProjectS\.git\objects)","08e01975e1c6f9371afab2570235780cac8c27","08e01975e1c6f9371afab2570235780cac8c27","08e01975e1c6f9371afab2570235780cac8c27","C:\Users\itsupport\Dropbox\ProjectS\.git\objects\26\08e01975e1c6f9371afab2570235780cac8c27","08e01975e1c6f9371afab2570235780cac8c27 (C:\Users\itsupport\Dropbox\ProjectS\.git\objects\26)",".","08e01975e1c6f9371afab2570235780cac8c27","1077936503","0","26/04/2018 18:35:48.3451110","0","file","1","4DB78BF099F71261","File","3111"
"2183986FC5B2AFA0F9D58BD6A4184A4E","15124E12","c278d17a3f2ec60552e8c55a541ea8aed338b0","135","33","13/03/2018 15:54:18.6968916","26/04/2018 18:35:31.9078504","26/04/2018 18:35:31.9078504","file:C:/Users/itsupport/Dropbox/ProjectS/.git/objects/31/c278d17a3f2ec60552e8c55a541ea8aed338b0","31","13/03/2018 15:54:18.6968916","13/03/2018 15:54:18.6968916","13/03/2018 15:54:18.6968916","6","False","False","False","13/03/2018 15:54:18.6968916","C:\Users\itsupport\Dropbox\ProjectS\.git\objects\31","31 (C:\Users\itsupport\Dropbox\ProjectS\.git\objects)","c278d17a3f2ec60552e8c55a541ea8aed338b0","c278d17a3f2ec60552e8c55a541ea8aed338b0","c278d17a3f2ec60552e8c55a541ea8aed338b0","C:\Users\itsupport\Dropbox\ProjectS\.git\objects\31\c278d17a3f2ec60552e8c55a541ea8aed338b0","c278d17a3f2ec60552e8c55a541ea8aed338b0 (C:\Users\itsupport\Dropbox\ProjectS\.git\objects\31)",".","c278d17a3f2ec60552e8c55a541ea8aed338b0","1077936503","0","26/04/2018 18:35:48.3451110","0","file","1","21A75A6622755325","File","3113"
"118828C8B62F34A7C6D809BB1B6A9AC0","15124E12","aa527b578e9a7fbc2a16eb6696584215332b64","109","33","13/03/2018 15:54:18.7755323","26/04/2018 18:35:31.9389141","26/04/2018 18:35:31.9389141","file:C:/Users/itsupport/Dropbox/ProjectS/.git/objects/34/aa527b578e9a7fbc2a16eb6696584215332b64","34","13/03/2018 15:54:18.7755323","13/03/2018 15:54:18.7755323","13/03/2018 15:54:18.7755323","6","False","False","False","13/03/2018 15:54:18.7755323","C:\Users\itsupport\Dropbox\ProjectS\.git\objects\34","34 (C:\Users\itsupport\Dropbox\ProjectS\.git\objects)","aa527b578e9a7fbc2a16eb6696584215332b64","aa527b578e9a7fbc2a16eb6696584215332b64","aa527b578e9a7fbc2a16eb6696584215332b64","C:\Users\itsupport\Dropbox\ProjectS\.git\objects\34\aa527b578e9a7fbc2a16eb6696584215332b64","aa527b578e9a7fbc2a16eb6696584215332b64 (C:\Users\itsupport\Dropbox\ProjectS\.git\objects\34)",".","aa527b578e9a7fbc2a16eb6696584215332b64","1077936503","0","26/04/2018 18:35:48.3294227","0,015625","file","1","B51989CA3ED4179E","File","3115"
"7F7A1A067144E2B48B8E6F218EDECD19","15124E12","2d92db532bd0c6c3c933805b26b532bc5bca9d","9296","33","13/03/2018 15:54:18.8375109","26/04/2018 18:35:31.9699930","26/04/2018 18:35:31.9699930","file:C:/Users/itsupport/Dropbox/ProjectS/.git/objects/58/2d92db532bd0c6c3c933805b26b532bc5bca9d","58","13/03/2018 15:54:18.8375109","13/03/2018 15:54:18.8375109","13/03/2018 15:54:18.8375109","6","False","False","False","13/03/2018 15:54:18.8375109","C:\Users\itsupport\Dropbox\ProjectS\.git\objects\58","58 (C:\Users\itsupport\Dropbox\ProjectS\.git\objects)","2d92db532bd0c6c3c933805b26b532bc5bca9d","2d92db532bd0c6c3c933805b26b532bc5bca9d","2d92db532bd0c6c3c933805b26b532bc5bca9d","C:\Users\itsupport\Dropbox\ProjectS\.git\objects\58\2d92db532bd0c6c3c933805b26b532bc5bca9d","2d92db532bd0c6c3c933805b26b532bc5bca9d (C:\Users\itsupport\Dropbox\ProjectS\.git\objects\58)",".","2d92db532bd0c6c3c933805b26b532bc5bca9d","1077936503","0","26/04/2018 18:35:48.3294227","0","file","1","326E3698F642176D","File","3117"
"1168534EB8F4E582A7A2A11ABB172BA7","15124E12","9949e92d878ea9494a795bd0660e75e73f50a0","201","33","13/03/2018 15:54:18.8843498","26/04/2018 18:35:32.0013056","26/04/2018 18:35:32.0013056","file:C:/Users/itsupport/Dropbox/ProjectS/.git/objects/63/9949e92d878ea9494a795bd0660e75e73f50a0","63","13/03/2018 15:54:18.8843498","13/03/2018 15:54:18.8843498","13/03/2018 15:54:18.8843498","6","False","False","False","13/03/2018 15:54:18.8843498","C:\Users\itsupport\Dropbox\ProjectS\.git\objects\63","63 (C:\Users\itsupport\Dropbox\ProjectS\.git\objects)","9949e92d878ea9494a795bd0660e75e73f50a0","9949e92d878ea9494a795bd0660e75e73f50a0","9949e92d878ea9494a795bd0660e75e73f50a0","C:\Users\itsupport\Dropbox\ProjectS\.git\objects\63\9949e92d878ea9494a795bd0660e75e73f50a0","9949e92d878ea9494a795bd0660e75e73f50a0 (C:\Users\itsupport\Dropbox\ProjectS\.git\objects\63)",".","9949e92d878ea9494a795bd0660e75e73f50a0","1077936503","0","26/04/2018 18:35:48.3294227","0,015625","file","1","D3C01D124DAB9480","File","3119"
"0486E93DB5BDAC3C149523BB2B36B41C","15124E12","62040e459ce79b445305c8c545542fb2eb6b0d","661","33","13/03/2018 15:54:18.9312328","26/04/2018 18:35:32.0171135","26/04/2018 18:35:32.0171135","file:C:/Users/itsupport/Dropbox/ProjectS/.git/objects/6f/62040e459ce79b445305c8c545542fb2eb6b0d","6f","13/03/2018 15:54:18.9312328","13/03/2018 15:54:18.9312328","13/03/2018 15:54:18.9312328","6","False","False","False","13/03/2018 15:54:18.9312328","C:\Users\itsupport\Dropbox\ProjectS\.git\objects\6f","6f (C:\Users\itsupport\Dropbox\ProjectS\.git\objects)","62040e459ce79b445305c8c545542fb2eb6b0d","62040e459ce79b445305c8c545542fb2eb6b0d","62040e459ce79b445305c8c545542fb2eb6b0d","C:\Users\itsupport\Dropbox\ProjectS\.git\objects\6f\62040e459ce79b445305c8c545542fb2eb6b0d","62040e459ce79b445305c8c545542fb2eb6b0d (C:\Users\itsupport\Dropbox\ProjectS\.git\objects\6f)",".","62040e459ce79b445305c8c545542fb2eb6b0d","1077936503","0","26/04/2018 18:35:48.3137621","0,015625","file","1","9CF6A743A6710683","File","3121"
"AF7010ED1B698CB2B796AD3F3EAB3751","15124E12","9442f667fe9417ad01762915feed7841f50b57","4454","33","13/03/2018 15:54:18.8222408","26/04/2018 18:35:32.0482138","26/04/2018 18:35:32.0482138","file:C:/Users/itsupport/Dropbox/ProjectS/.git/objects/71/9442f667fe9417ad01762915feed7841f50b57","71","13/03/2018 15:54:18.8222408","13/03/2018 15:54:18.8222408","13/03/2018 15:54:18.8222408","6","False","False","False","13/03/2018 15:54:18.8222408","C:\Users\itsupport\Dropbox\ProjectS\.git\objects\71","71 (C:\Users\itsupport\Dropbox\ProjectS\.git\objects)","9442f667fe9417ad01762915feed7841f50b57","9442f667fe9417ad01762915feed7841f50b57","9442f667fe9417ad01762915feed7841f50b57","C:\Users\itsupport\Dropbox\ProjectS\.git\objects\71\9442f667fe9417ad01762915feed7841f50b57","9442f667fe9417ad01762915feed7841f50b57 (C:\Users\itsupport\Dropbox\ProjectS\.git\objects\71)",".","9442f667fe9417ad01762915feed7841f50b57","1077936503","0","26/04/2018 18:35:48.2981442","0","file","1","74A17154C4D3568E","File","3123"
"A5EC61963116DFBC9E3F3ED9FFE87BBC","15124E12","6ae7d29e23701bc1aff610529ae53087d844ab","466","33","13/03/2018 15:54:18.8687380","26/04/2018 18:35:32.0793999","26/04/2018 18:35:32.0793999","file:C:/Users/itsupport/Dropbox/ProjectS/.git/objects/d0/6ae7d29e23701bc1aff610529ae53087d844ab","d0","13/03/2018 15:54:18.8687380","13/03/2018 15:54:18.8687380","13/03/2018 15:54:18.8687380","6","False","False","False","13/03/2018 15:54:18.8687380","C:\Users\itsupport\Dropbox\ProjectS\.git\objects\d0","d0 (C:\Users\itsupport\Dropbox\ProjectS\.git\objects)","6ae7d29e23701bc1aff610529ae53087d844ab","6ae7d29e23701bc1aff610529ae53087d844ab","6ae7d29e23701bc1aff610529ae53087d844ab","C:\Users\itsupport\Dropbox\ProjectS\.git\objects\d0\6ae7d29e23701bc1aff610529ae53087d844ab","6ae7d29e23701bc1aff610529ae53087d844ab (C:\Users\itsupport\Dropbox\ProjectS\.git\objects\d0)",".","6ae7d29e23701bc1aff610529ae53087d844ab","1077936503","0","26/04/2018 18:35:48.2981442","0","file","1","074D0690CFCD7EF0","File","3125"
"DAE7AE509E2E2E7A8FFD9C78132283DB","15124E12","45695673349e3947e8e5ae42332d0ac3164cd7","4447","33","13/03/2018 15:54:18.7906683","26/04/2018 18:35:32.1106614","26/04/2018 18:35:32.1106614","file:C:/Users/itsupport/Dropbox/ProjectS/.git/objects/d6/45695673349e3947e8e5ae42332d0ac3164cd7","d6","13/03/2018 15:54:18.7906683","13/03/2018 15:54:18.7906683","13/03/2018 15:54:18.7906683","6","False","False","False","13/03/2018 15:54:18.7906683","C:\Users\itsupport\Dropbox\ProjectS\.git\objects\d6","d6 (C:\Users\itsupport\Dropbox\ProjectS\.git\objects)","45695673349e3947e8e5ae42332d0ac3164cd7","45695673349e3947e8e5ae42332d0ac3164cd7","45695673349e3947e8e5ae42332d0ac3164cd7","C:\Users\itsupport\Dropbox\ProjectS\.git\objects\d6\45695673349e3947e8e5ae42332d0ac3164cd7","45695673349e3947e8e5ae42332d0ac3164cd7 (C:\Users\itsupport\Dropbox\ProjectS\.git\objects\d6)",".","45695673349e3947e8e5ae42332d0ac3164cd7","1077936503","0","26/04/2018 18:35:48.2981442","0,015625","file","1","B79D79FA5194380A","File","3127"
"916D5EDBDEEE4BC1B5570432B8C46677","15124E12","b4b373991a95c378a2d204b3b9b3300ba4ae3c","864","33","13/03/2018 15:54:18.8532020","26/04/2018 18:35:32.1262762","26/04/2018 18:35:32.1262762","file:C:/Users/itsupport/Dropbox/ProjectS/.git/objects/d8/b4b373991a95c378a2d204b3b9b3300ba4ae3c","d8","13/03/2018 15:54:18.8532020","13/03/2018 15:54:18.8532020","13/03/2018 15:54:18.8532020","6","False","False","False","13/03/2018 15:54:18.8532020","C:\Users\itsupport\Dropbox\ProjectS\.git\objects\d8","d8 (C:\Users\itsupport\Dropbox\ProjectS\.git\objects)","b4b373991a95c378a2d204b3b9b3300ba4ae3c","b4b373991a95c378a2d204b3b9b3300ba4ae3c","b4b373991a95c378a2d204b3b9b3300ba4ae3c","C:\Users\itsupport\Dropbox\ProjectS\.git\objects\d8\b4b373991a95c378a2d204b3b9b3300ba4ae3c","b4b373991a95c378a2d204b3b9b3300ba4ae3c (C:\Users\itsupport\Dropbox\ProjectS\.git\objects\d8)",".","b4b373991a95c378a2d204b3b9b3300ba4ae3c","1077936503","0","26/04/2018 18:35:48.2825109","0","file","1","DE6DC99277FB76A6","File","3129"
"831FDDD8023E7630A1C07599898F442E","15124E12","8eeb9b5ba6c9864cfa242105f4b6b8148fb737","229","33","13/03/2018 15:54:18.6968916","26/04/2018 18:35:32.1419221","26/04/2018 18:35:32.1419221","file:C:/Users/itsupport/Dropbox/ProjectS/.git/objects/d9/8eeb9b5ba6c9864cfa242105f4b6b8148fb737","d9","13/03/2018 15:54:18.6968916","13/03/2018 15:54:18.6968916","13/03/2018 15:54:18.6968916","6","False","False","False","13/03/2018 15:54:18.6968916","C:\Users\itsupport\Dropbox\ProjectS\.git\objects\d9","d9 (C:\Users\itsupport\Dropbox\ProjectS\.git\objects)","8eeb9b5ba6c9864cfa242105f4b6b8148fb737","8eeb9b5ba6c9864cfa242105f4b6b8148fb737","8eeb9b5ba6c9864cfa242105f4b6b8148fb737","C:\Users\itsupport\Dropbox\ProjectS\.git\objects\d9\8eeb9b5ba6c9864cfa242105f4b6b8148fb737","8eeb9b5ba6c9864cfa242105f4b6b8148fb737 (C:\Users\itsupport\Dropbox\ProjectS\.git\objects\d9)",".","8eeb9b5ba6c9864cfa242105f4b6b8148fb737","1077936503","0","26/04/2018 18:35:48.2825109","0","file","1","799606B1CD1EED5E","File","3131"
"6691BE73FDC3E61DD9805047991013C5","15124E12","9de29bb2d1d6434b8b29ae775ad8c2e48c5391","15","33","13/03/2018 15:54:18.9312328","26/04/2018 18:35:32.1731822","26/04/2018 18:35:32.1731822","file:C:/Users/itsupport/Dropbox/ProjectS/.git/objects/e6/9de29bb2d1d6434b8b29ae775ad8c2e48c5391","e6","13/03/2018 15:54:18.9312328","13/03/2018 15:54:18.9312328","13/03/2018 15:54:18.9312328","6","False","False","False","13/03/2018 15:54:18.9312328","C:\Users\itsupport\Dropbox\ProjectS\.git\objects\e6","e6 (C:\Users\itsupport\Dropbox\ProjectS\.git\objects)","9de29bb2d1d6434b8b29ae775ad8c2e48c5391","9de29bb2d1d6434b8b29ae775ad8c2e48c5391","9de29bb2d1d6434b8b29ae775ad8c2e48c5391","C:\Users\itsupport\Dropbox\ProjectS\.git\objects\e6\9de29bb2d1d6434b8b29ae775ad8c2e48c5391","9de29bb2d1d6434b8b29ae775ad8c2e48c5391 (C:\Users\itsupport\Dropbox\ProjectS\.git\objects\e6)",".","9de29bb2d1d6434b8b29ae775ad8c2e48c5391","1077936503","0","26/04/2018 18:35:48.2825109","0","file","1","41BAB90D12C5ACEE","File","3133"
"2AE9493F5CBD95008CA18201FD50824F","15124E12","dc07adcbbf65176fbb28d80f5ab7427ae8bef1","867","33","13/03/2018 15:54:18.9156297","26/04/2018 18:35:32.2044063","26/04/2018 18:35:32.2044063","file:C:/Users/itsupport/Dropbox/ProjectS/.git/objects/f1/dc07adcbbf65176fbb28d80f5ab7427ae8bef1","f1","13/03/2018 15:54:18.9156297","13/03/2018 15:54:18.9156297","13/03/2018 15:54:18.9156297","6","False","False","False","13/03/2018 15:54:18.9156297","C:\Users\itsupport\Dropbox\ProjectS\.git\objects\f1","f1 (C:\Users\itsupport\Dropbox\ProjectS\.git\objects)","dc07adcbbf65176fbb28d80f5ab7427ae8bef1","dc07adcbbf65176fbb28d80f5ab7427ae8bef1","dc07adcbbf65176fbb28d80f5ab7427ae8bef1","C:\Users\itsupport\Dropbox\ProjectS\.git\objects\f1\dc07adcbbf65176fbb28d80f5ab7427ae8bef1","dc07adcbbf65176fbb28d80f5ab7427ae8bef1 (C:\Users\itsupport\Dropbox\ProjectS\.git\objects\f1)",".","dc07adcbbf65176fbb28d80f5ab7427ae8bef1","1077936503","0","26/04/2018 18:35:48.2825109","0,015625","file","1","1023141AD72217E7","File","3135"
"5C2A9B744AA2A6FC22686FE29BC3BD4A","15124E12","4fa17c7493e84bf5bf994a41dfa68078b214ea","619","33","13/03/2018 15:54:18.7600714","26/04/2018 18:35:32.2200725","26/04/2018 18:35:32.2200725","file:C:/Users/itsupport/Dropbox/ProjectS/.git/objects/f9/4fa17c7493e84bf5bf994a41dfa68078b214ea","f9","13/03/2018 15:54:18.7600714","13/03/2018 15:54:18.7600714","13/03/2018 15:54:18.7600714","6","False","False","False","13/03/2018 15:54:18.7600714","C:\Users\itsupport\Dropbox\ProjectS\.git\objects\f9","f9 (C:\Users\itsupport\Dropbox\ProjectS\.git\objects)","4fa17c7493e84bf5bf994a41dfa68078b214ea","4fa17c7493e84bf5bf994a41dfa68078b214ea","4fa17c7493e84bf5bf994a41dfa68078b214ea","C:\Users\itsupport\Dropbox\ProjectS\.git\objects\f9\4fa17c7493e84bf5bf994a41dfa68078b214ea","4fa17c7493e84bf5bf994a41dfa68078b214ea (C:\Users\itsupport\Dropbox\ProjectS\.git\objects\f9)",".","4fa17c7493e84bf5bf994a41dfa68078b214ea","1077936503","0","26/04/2018 18:35:48.2668860","0","file","1","C3D47EB34D7BEC38","File","3137"
"782519E3F13B2CEF5A2B195ECC0DAF37","15124E12","master","41","32","13/03/2018 15:54:19.0875161","26/04/2018 18:35:32.2982525","26/04/2018 18:35:32.2982525","file:C:/Users/itsupport/Dropbox/ProjectS/.git/refs/heads/master","heads","13/03/2018 15:54:19.0875161","13/03/2018 15:54:19.0875161","13/03/2018 15:54:19.0875161","6","False","False","False","13/03/2018 15:54:19.0875161","C:\Users\itsupport\Dropbox\ProjectS\.git\refs\heads","heads (C:\Users\itsupport\Dropbox\ProjectS\.git\refs)","master","master","master","C:\Users\itsupport\Dropbox\ProjectS\.git\refs\heads\master","master (C:\Users\itsupport\Dropbox\ProjectS\.git\refs\heads)",".","master","1077936503","0","26/04/2018 18:35:48.2668860","0","file","1","140C1CF6D6B876D4","File","3142"
"6B55CEAFC28BA6CE9759997606700D5E","15124E12","HEAD","32","32","13/03/2018 15:54:19.0875161","26/04/2018 18:35:32.3141085","26/04/2018 18:35:32.3141085","file:C:/Users/itsupport/Dropbox/ProjectS/.git/refs/remotes/origin/HEAD","origin","13/03/2018 15:54:19.0875161","13/03/2018 15:54:19.0875161","13/03/2018 15:54:19.0875161","6","False","False","False","13/03/2018 15:54:19.0875161","C:\Users\itsupport\Dropbox\ProjectS\.git\refs\remotes\origin","origin (C:\Users\itsupport\Dropbox\ProjectS\.git\refs\remotes)","HEAD","HEAD","HEAD","C:\Users\itsupport\Dropbox\ProjectS\.git\refs\remotes\origin\HEAD","HEAD (C:\Users\itsupport\Dropbox\ProjectS\.git\refs\remotes\origin)",".","HEAD","1077936503","0","26/04/2018 18:35:48.2668860","0,015625","file","1","6F886E20D8D9A005","File","3145"
"F6DFA8C673A14ADC55B715494527C90A","15124E12","stable-x86_64-pc-windows-msvc","20","32","11/04/2018 16:13:32.8055293","11/04/2018 16:13:32.8055293","11/04/2018 16:13:32.8055293","file:C:/Users/maxpowers/.rustup/update-hashes/stable-x86_64-pc-windows-msvc","update-hashes","11/04/2018 16:13:32.8055293","11/04/2018 16:13:32.8055293","11/04/2018 16:13:32.8055293","6","False","False","False","11/04/2018 16:13:32.8055293","C:\Users\maxpowers\.rustup\update-hashes","update-hashes (C:\Users\maxpowers\.rustup)","stable-x86_64-pc-windows-msvc","stable-x86_64-pc-windows-msvc","stable-x86_64-pc-windows-msvc","C:\Users\maxpowers\.rustup\update-hashes\stable-x86_64-pc-windows-msvc","stable-x86_64-pc-windows-msvc (C:\Users\maxpowers\.rustup\update-hashes)",".","stable-x86_64-pc-windows-msvc","1077936503","0","11/04/2018 16:16:20.7429898","0","file",,"E851DF0FD8FBE4FF","File","3362"
"97D5D7AA0FB1A0C8EBF795153BDBEE9E","15124E12","manifest-rust-docs-x86_64-pc-windows-msvc","24","32","11/04/2018 16:13:21.1180193","11/04/2018 16:13:21.0868218","11/04/2018 16:13:21.0868218","file:C:/Users/maxpowers/.rustup/toolchains/stable-x86_64-pc-windows-msvc/lib/rustlib/manifest-rust-docs-x86_64-pc-windows-msvc","rustlib","11/04/2018 16:13:21.1180193","11/04/2018 16:13:21.1180193","11/04/2018 16:13:21.1180193","6","False","False","False","11/04/2018 16:13:21.1180193","C:\Users\maxpowers\.rustup\toolchains\stable-x86_64-pc-windows-msvc\lib\rustlib","rustlib (C:\Users\maxpowers\.rustup\toolchains\stable-x86_64-pc-windows-msvc\lib)","manifest-rust-docs-x86_64-pc-windows-msvc","manifest-rust-docs-x86_64-pc-windows-msvc","manifest-rust-docs-x86_64-pc-windows-msvc","C:\Users\maxpowers\.rustup\toolchains\stable-x86_64-pc-windows-msvc\lib\rustlib\manifest-rust-docs-x86_64-pc-windows-msvc","manifest-rust-docs-x86_64-pc-windows-msvc (C:\Users\maxpowers\.rustup\toolchains\stable-x86_64-pc-windows-msvc\lib\rustlib)",".","manifest-rust-docs-x86_64-pc-windows-msvc","1077936503","0","11/04/2018 16:14:08.9461383","0","file",,"496FE27263F50B79","File","16024"
